collection	original_path	branch_path	size_bytes	sha256
old_phase_field_ibm_local_repo	/Volumes/Elements/windows-docu/Research/Publications/[1] TwoPhase-FSI/05_Code/git_worktree_dirty/Unity VC-Public-IBM-Implicit-c - git/Unity VC-Public-IBM-Implicit-c/Functions/CorrectIBM.m	local_algorithm_code/old_phase_field_ibm_local_repo/Functions/CorrectIBM.m	2318	5eaffa18bcd5cd88409ea5c94f683bc4f9b926c5cbd454c62f38117e2a1fd7df
old_phase_field_ibm_local_repo	/Volumes/Elements/windows-docu/Research/Publications/[1] TwoPhase-FSI/05_Code/git_worktree_dirty/Unity VC-Public-IBM-Implicit-c - git/Unity VC-Public-IBM-Implicit-c/Functions/D2Calcu_Mcc.m	local_algorithm_code/old_phase_field_ibm_local_repo/Functions/D2Calcu_Mcc.m	758	c0bca0cc9d84804e59a893b4cf9445321d46e988dfee5711c07308a57f392c96
old_phase_field_ibm_local_repo	/Volumes/Elements/windows-docu/Research/Publications/[1] TwoPhase-FSI/05_Code/git_worktree_dirty/Unity VC-Public-IBM-Implicit-c - git/Unity VC-Public-IBM-Implicit-c/Functions/D2Calcu_b.m	local_algorithm_code/old_phase_field_ibm_local_repo/Functions/D2Calcu_b.m	2083	3b317e2dd3cfeda82b85e2fed388ff875b84152bcbd458203be795ed65bdca85
old_phase_field_ibm_local_repo	/Volumes/Elements/windows-docu/Research/Publications/[1] TwoPhase-FSI/05_Code/git_worktree_dirty/Unity VC-Public-IBM-Implicit-c - git/Unity VC-Public-IBM-Implicit-c/Functions/D2D_Advc.m	local_algorithm_code/old_phase_field_ibm_local_repo/Functions/D2D_Advc.m	719	d18d5e5a88e69e9e127bb12601d1272a368af7b97b3affd1188eb1e4802f4016
old_phase_field_ibm_local_repo	/Volumes/Elements/windows-docu/Research/Publications/[1] TwoPhase-FSI/05_Code/git_worktree_dirty/Unity VC-Public-IBM-Implicit-c - git/Unity VC-Public-IBM-Implicit-c/Functions/D2Diver_Dtrans.m	local_algorithm_code/old_phase_field_ibm_local_repo/Functions/D2Diver_Dtrans.m	589	30435ac3bb03a6f1ea1c5254b6a3008bd0a8e69f3b9ae3b567905f24413b2fbf
old_phase_field_ibm_local_repo	/Volumes/Elements/windows-docu/Research/Publications/[1] TwoPhase-FSI/05_Code/git_worktree_dirty/Unity VC-Public-IBM-Implicit-c - git/Unity VC-Public-IBM-Implicit-c/Functions/D2Electronic_PhiE.m	local_algorithm_code/old_phase_field_ibm_local_repo/Functions/D2Electronic_PhiE.m	1974	aa1c02ac421f299d084b4d482c43d9ef3dd9a4d810a245c1444c7b4b83247dad
old_phase_field_ibm_local_repo	/Volumes/Elements/windows-docu/Research/Publications/[1] TwoPhase-FSI/05_Code/git_worktree_dirty/Unity VC-Public-IBM-Implicit-c - git/Unity VC-Public-IBM-Implicit-c/Functions/D2Eq_Electronic.m	local_algorithm_code/old_phase_field_ibm_local_repo/Functions/D2Eq_Electronic.m	1156	6b6891fa3455778406227af5be39e0d39dfd72f934e8071d53b1b8550814580b
old_phase_field_ibm_local_repo	/Volumes/Elements/windows-docu/Research/Publications/[1] TwoPhase-FSI/05_Code/git_worktree_dirty/Unity VC-Public-IBM-Implicit-c - git/Unity VC-Public-IBM-Implicit-c/Functions/D2Eq_Magnetic.m	local_algorithm_code/old_phase_field_ibm_local_repo/Functions/D2Eq_Magnetic.m	1038	e293168697fa0b517f7ebf3b1fe72e89f88ce31d665c7e9cdccd308ae269155d
old_phase_field_ibm_local_repo	/Volumes/Elements/windows-docu/Research/Publications/[1] TwoPhase-FSI/05_Code/git_worktree_dirty/Unity VC-Public-IBM-Implicit-c - git/Unity VC-Public-IBM-Implicit-c/Functions/D2Eq_Mome.m	local_algorithm_code/old_phase_field_ibm_local_repo/Functions/D2Eq_Mome.m	1514	01b1989b6146ee43b9c5603065c43fd772df5dda3270b7cd91b0c4d0b67ae5bd
old_phase_field_ibm_local_repo	/Volumes/Elements/windows-docu/Research/Publications/[1] TwoPhase-FSI/05_Code/git_worktree_dirty/Unity VC-Public-IBM-Implicit-c - git/Unity VC-Public-IBM-Implicit-c/Functions/D2Eq_Mome_S1.m	local_algorithm_code/old_phase_field_ibm_local_repo/Functions/D2Eq_Mome_S1.m	2073	ce8e517dbbbf164b3fe5e173588a70f80e1a268a78f203471985ab5bccc768b4
old_phase_field_ibm_local_repo	/Volumes/Elements/windows-docu/Research/Publications/[1] TwoPhase-FSI/05_Code/git_worktree_dirty/Unity VC-Public-IBM-Implicit-c - git/Unity VC-Public-IBM-Implicit-c/Functions/D2Eq_PhaseLiuTVD3.m	local_algorithm_code/old_phase_field_ibm_local_repo/Functions/D2Eq_PhaseLiuTVD3.m	1433	5a4d07425814821d0d6249b35ec3ae1d9979633fdf6316f7307c8463f4c2f340
old_phase_field_ibm_local_repo	/Volumes/Elements/windows-docu/Research/Publications/[1] TwoPhase-FSI/05_Code/git_worktree_dirty/Unity VC-Public-IBM-Implicit-c - git/Unity VC-Public-IBM-Implicit-c/Functions/D2FaceMeanX.m	local_algorithm_code/old_phase_field_ibm_local_repo/Functions/D2FaceMeanX.m	259	9399b5498c691838c42d82e25138c7cf9d907c947edcad3faebe167720dbc7f8
old_phase_field_ibm_local_repo	/Volumes/Elements/windows-docu/Research/Publications/[1] TwoPhase-FSI/05_Code/git_worktree_dirty/Unity VC-Public-IBM-Implicit-c - git/Unity VC-Public-IBM-Implicit-c/Functions/D2FaceMeanY.m	local_algorithm_code/old_phase_field_ibm_local_repo/Functions/D2FaceMeanY.m	249	7c5c083b06e90a02070bb74ab9e442b49b4b2afcf6349a4c53e77a2ee31e8030
old_phase_field_ibm_local_repo	/Volumes/Elements/windows-docu/Research/Publications/[1] TwoPhase-FSI/05_Code/git_worktree_dirty/Unity VC-Public-IBM-Implicit-c - git/Unity VC-Public-IBM-Implicit-c/Functions/D2Gradx_Matrix.m	local_algorithm_code/old_phase_field_ibm_local_repo/Functions/D2Gradx_Matrix.m	524	e1b039471365e4ba90d859961a17b4a800d7a21ea0c6ad4cd6e12bb19b911620
old_phase_field_ibm_local_repo	/Volumes/Elements/windows-docu/Research/Publications/[1] TwoPhase-FSI/05_Code/git_worktree_dirty/Unity VC-Public-IBM-Implicit-c - git/Unity VC-Public-IBM-Implicit-c/Functions/D2Gradx_face.m	local_algorithm_code/old_phase_field_ibm_local_repo/Functions/D2Gradx_face.m	274	8da2bb087dbcea959fd1f74522bff319ce45e9de9e0fc469dac85e694746532f
old_phase_field_ibm_local_repo	/Volumes/Elements/windows-docu/Research/Publications/[1] TwoPhase-FSI/05_Code/git_worktree_dirty/Unity VC-Public-IBM-Implicit-c - git/Unity VC-Public-IBM-Implicit-c/Functions/D2Gradx_face2.m	local_algorithm_code/old_phase_field_ibm_local_repo/Functions/D2Gradx_face2.m	241	e9602d7c385a212318a42829431be0638e2b9834a7bbabbf7b9850bf01d0e50f
old_phase_field_ibm_local_repo	/Volumes/Elements/windows-docu/Research/Publications/[1] TwoPhase-FSI/05_Code/git_worktree_dirty/Unity VC-Public-IBM-Implicit-c - git/Unity VC-Public-IBM-Implicit-c/Functions/D2Grady_Matrix.m	local_algorithm_code/old_phase_field_ibm_local_repo/Functions/D2Grady_Matrix.m	165	35d80e6ac586ab86e95b8f41a33e7beffea0ead3dfbf7b480bfed841fc7f5dd7
old_phase_field_ibm_local_repo	/Volumes/Elements/windows-docu/Research/Publications/[1] TwoPhase-FSI/05_Code/git_worktree_dirty/Unity VC-Public-IBM-Implicit-c - git/Unity VC-Public-IBM-Implicit-c/Functions/D2Grady_face.m	local_algorithm_code/old_phase_field_ibm_local_repo/Functions/D2Grady_face.m	311	ced8de28b80d1c28562a8a095390ee9df93920da52e262c38c86f35b58cdfda0
old_phase_field_ibm_local_repo	/Volumes/Elements/windows-docu/Research/Publications/[1] TwoPhase-FSI/05_Code/git_worktree_dirty/Unity VC-Public-IBM-Implicit-c - git/Unity VC-Public-IBM-Implicit-c/Functions/D2Grady_face2.m	local_algorithm_code/old_phase_field_ibm_local_repo/Functions/D2Grady_face2.m	276	48f0ac8252c61d7dfda574fe9a5323ed8e2e37b4fead728df3e6186b58ec71fc
old_phase_field_ibm_local_repo	/Volumes/Elements/windows-docu/Research/Publications/[1] TwoPhase-FSI/05_Code/git_worktree_dirty/Unity VC-Public-IBM-Implicit-c - git/Unity VC-Public-IBM-Implicit-c/Functions/D2IBM_initial.m	local_algorithm_code/old_phase_field_ibm_local_repo/Functions/D2IBM_initial.m	3817	ce62ecf49600d62c37d38ca45c252f27c03afc5cb6b2f06c9cac7e595643c998
old_phase_field_ibm_local_repo	/Volumes/Elements/windows-docu/Research/Publications/[1] TwoPhase-FSI/05_Code/git_worktree_dirty/Unity VC-Public-IBM-Implicit-c - git/Unity VC-Public-IBM-Implicit-c/Functions/D2IBM_initial_implicit.m	local_algorithm_code/old_phase_field_ibm_local_repo/Functions/D2IBM_initial_implicit.m	4436	07d369f8cc73b1063c4b72bf2244b137bffc18492d6fd45104e406b749a2bd6c
old_phase_field_ibm_local_repo	/Volumes/Elements/windows-docu/Research/Publications/[1] TwoPhase-FSI/05_Code/git_worktree_dirty/Unity VC-Public-IBM-Implicit-c - git/Unity VC-Public-IBM-Implicit-c/Functions/D2InitialUVRsv.m	local_algorithm_code/old_phase_field_ibm_local_repo/Functions/D2InitialUVRsv.m	338	5e9dd927b1391be3d6f7f1447ae2a56b58cb6ea264eee7ab425d796d561c7c4e
old_phase_field_ibm_local_repo	/Volumes/Elements/windows-docu/Research/Publications/[1] TwoPhase-FSI/05_Code/git_worktree_dirty/Unity VC-Public-IBM-Implicit-c - git/Unity VC-Public-IBM-Implicit-c/Functions/D2InitialUVdb.m	local_algorithm_code/old_phase_field_ibm_local_repo/Functions/D2InitialUVdb.m	438	3e0813cc201ca2bded807921ce197cd96f7e408acecc4aa61990dcb58cf5396d
old_phase_field_ibm_local_repo	/Volumes/Elements/windows-docu/Research/Publications/[1] TwoPhase-FSI/05_Code/git_worktree_dirty/Unity VC-Public-IBM-Implicit-c - git/Unity VC-Public-IBM-Implicit-c/Functions/D2InitialUVza.m	local_algorithm_code/old_phase_field_ibm_local_repo/Functions/D2InitialUVza.m	243	6c9e2486e5b42ecfc7aa4831b644ede0700aba5eb1f1e41992bd6434cd54d9ac
old_phase_field_ibm_local_repo	/Volumes/Elements/windows-docu/Research/Publications/[1] TwoPhase-FSI/05_Code/git_worktree_dirty/Unity VC-Public-IBM-Implicit-c - git/Unity VC-Public-IBM-Implicit-c/Functions/D2Initial_T.m	local_algorithm_code/old_phase_field_ibm_local_repo/Functions/D2Initial_T.m	193	10485a858a1fb6bfbc3d04ba31e380c1a2116a34ea6bc85effd21101912fc6a1
old_phase_field_ibm_local_repo	/Volumes/Elements/windows-docu/Research/Publications/[1] TwoPhase-FSI/05_Code/git_worktree_dirty/Unity VC-Public-IBM-Implicit-c - git/Unity VC-Public-IBM-Implicit-c/Functions/D2Initial_phi.m	local_algorithm_code/old_phase_field_ibm_local_repo/Functions/D2Initial_phi.m	721	eb557beefbae4d34f55cd3d3d177eb9451777a2a6bebfedaee00a3d65e45d759
old_phase_field_ibm_local_repo	/Volumes/Elements/windows-docu/Research/Publications/[1] TwoPhase-FSI/05_Code/git_worktree_dirty/Unity VC-Public-IBM-Implicit-c - git/Unity VC-Public-IBM-Implicit-c/Functions/D2La_Oper.m	local_algorithm_code/old_phase_field_ibm_local_repo/Functions/D2La_Oper.m	257	a516eda97efedc271a05498f6db60a4c29af84514fdd21aa08680a747aff25aa
old_phase_field_ibm_local_repo	/Volumes/Elements/windows-docu/Research/Publications/[1] TwoPhase-FSI/05_Code/git_worktree_dirty/Unity VC-Public-IBM-Implicit-c - git/Unity VC-Public-IBM-Implicit-c/Functions/D2Magnetic_PhiM.m	local_algorithm_code/old_phase_field_ibm_local_repo/Functions/D2Magnetic_PhiM.m	1987	7dddd4b3deda7f7ef368a5f82bd1ce923fa3c8338935653dbef3e124ec009fe2
old_phase_field_ibm_local_repo	/Volumes/Elements/windows-docu/Research/Publications/[1] TwoPhase-FSI/05_Code/git_worktree_dirty/Unity VC-Public-IBM-Implicit-c - git/Unity VC-Public-IBM-Implicit-c/Functions/D2Matrix_Au.m	local_algorithm_code/old_phase_field_ibm_local_repo/Functions/D2Matrix_Au.m	2645	4d4fe7c5c6cac926b50e6baf22c9c3c0aed47a187f455df1601567bb83719c50
old_phase_field_ibm_local_repo	/Volumes/Elements/windows-docu/Research/Publications/[1] TwoPhase-FSI/05_Code/git_worktree_dirty/Unity VC-Public-IBM-Implicit-c - git/Unity VC-Public-IBM-Implicit-c/Functions/D2Matrix_Av.m	local_algorithm_code/old_phase_field_ibm_local_repo/Functions/D2Matrix_Av.m	2276	b7d4539fb5dd89001af300455d13554eb917ea24e64add241729de69ea444441
old_phase_field_ibm_local_repo	/Volumes/Elements/windows-docu/Research/Publications/[1] TwoPhase-FSI/05_Code/git_worktree_dirty/Unity VC-Public-IBM-Implicit-c - git/Unity VC-Public-IBM-Implicit-c/Functions/D2Matrix_FaceMeanC.m	local_algorithm_code/old_phase_field_ibm_local_repo/Functions/D2Matrix_FaceMeanC.m	671	0e00c81bd04969cc2a6f9ad2efdf544790384eafa1873b67b2d3ab16e40f37a0
old_phase_field_ibm_local_repo	/Volumes/Elements/windows-docu/Research/Publications/[1] TwoPhase-FSI/05_Code/git_worktree_dirty/Unity VC-Public-IBM-Implicit-c - git/Unity VC-Public-IBM-Implicit-c/Functions/D2Matrix_FaceMeanF.m	local_algorithm_code/old_phase_field_ibm_local_repo/Functions/D2Matrix_FaceMeanF.m	426	3d93bae564e480b482eafd82bfcb9ed36122ec67bf1e851d20d6232b5b9ce913
old_phase_field_ibm_local_repo	/Volumes/Elements/windows-docu/Research/Publications/[1] TwoPhase-FSI/05_Code/git_worktree_dirty/Unity VC-Public-IBM-Implicit-c - git/Unity VC-Public-IBM-Implicit-c/Functions/D2Matrix_FluxX.m	local_algorithm_code/old_phase_field_ibm_local_repo/Functions/D2Matrix_FluxX.m	569	499004e55227fc5b9ef4ba81394c87d60d48859b2f56db888ee470e7dea23589
old_phase_field_ibm_local_repo	/Volumes/Elements/windows-docu/Research/Publications/[1] TwoPhase-FSI/05_Code/git_worktree_dirty/Unity VC-Public-IBM-Implicit-c - git/Unity VC-Public-IBM-Implicit-c/Functions/D2Matrix_FluxY.m	local_algorithm_code/old_phase_field_ibm_local_repo/Functions/D2Matrix_FluxY.m	553	54ff4155059ec71603d83f506bb4ed99821debcfdcc910097e4e368be3cfa58e
old_phase_field_ibm_local_repo	/Volumes/Elements/windows-docu/Research/Publications/[1] TwoPhase-FSI/05_Code/git_worktree_dirty/Unity VC-Public-IBM-Implicit-c - git/Unity VC-Public-IBM-Implicit-c/Functions/D2Matrix_Laplace.m	local_algorithm_code/old_phase_field_ibm_local_repo/Functions/D2Matrix_Laplace.m	1972	ffb98cae7e57bd0f47324503d8285791d21621194d776a79613ef09edfe4cef7
old_phase_field_ibm_local_repo	/Volumes/Elements/windows-docu/Research/Publications/[1] TwoPhase-FSI/05_Code/git_worktree_dirty/Unity VC-Public-IBM-Implicit-c - git/Unity VC-Public-IBM-Implicit-c/Functions/D2Matrix_NodeMean.m	local_algorithm_code/old_phase_field_ibm_local_repo/Functions/D2Matrix_NodeMean.m	568	ee3821f92ceccf037dc8a28f63a0e8a0475301309f6517e1f42095dd76b75827
old_phase_field_ibm_local_repo	/Volumes/Elements/windows-docu/Research/Publications/[1] TwoPhase-FSI/05_Code/git_worktree_dirty/Unity VC-Public-IBM-Implicit-c - git/Unity VC-Public-IBM-Implicit-c/Functions/D2Matrix_weno5.m	local_algorithm_code/old_phase_field_ibm_local_repo/Functions/D2Matrix_weno5.m	987	b50c74ea9d6a8e8f8ea002a7ab3fbbf1f6af0512e10c3672487683454e566255
old_phase_field_ibm_local_repo	/Volumes/Elements/windows-docu/Research/Publications/[1] TwoPhase-FSI/05_Code/git_worktree_dirty/Unity VC-Public-IBM-Implicit-c - git/Unity VC-Public-IBM-Implicit-c/Functions/D2Mesh.m	local_algorithm_code/old_phase_field_ibm_local_repo/Functions/D2Mesh.m	579	bec481f1a5dfe4d953bc246d19a55382bf23802edc6f473d0daa174f01611b5f
old_phase_field_ibm_local_repo	/Volumes/Elements/windows-docu/Research/Publications/[1] TwoPhase-FSI/05_Code/git_worktree_dirty/Unity VC-Public-IBM-Implicit-c - git/Unity VC-Public-IBM-Implicit-c/Functions/D2Phase_const.m	local_algorithm_code/old_phase_field_ibm_local_repo/Functions/D2Phase_const.m	370	98f2df01deae06fc420301b365d8f63d143f8d7d37e78f682679ef06e4a1dd67
old_phase_field_ibm_local_repo	/Volumes/Elements/windows-docu/Research/Publications/[1] TwoPhase-FSI/05_Code/git_worktree_dirty/Unity VC-Public-IBM-Implicit-c - git/Unity VC-Public-IBM-Implicit-c/Functions/D2RhieC_mCap.m	local_algorithm_code/old_phase_field_ibm_local_repo/Functions/D2RhieC_mCap.m	1214	98763456770939b6071c675c18d071875c6654ff465235e0f0c13f5a21a3788e
old_phase_field_ibm_local_repo	/Volumes/Elements/windows-docu/Research/Publications/[1] TwoPhase-FSI/05_Code/git_worktree_dirty/Unity VC-Public-IBM-Implicit-c - git/Unity VC-Public-IBM-Implicit-c/Functions/D2RhieChow3.m	local_algorithm_code/old_phase_field_ibm_local_repo/Functions/D2RhieChow3.m	2585	751b0a1e17c813c3e69eb6d17d91d06e3a70d33e22654ecb466743e930bd8618
old_phase_field_ibm_local_repo	/Volumes/Elements/windows-docu/Research/Publications/[1] TwoPhase-FSI/05_Code/git_worktree_dirty/Unity VC-Public-IBM-Implicit-c - git/Unity VC-Public-IBM-Implicit-c/Functions/D2Uf_inte.m	local_algorithm_code/old_phase_field_ibm_local_repo/Functions/D2Uf_inte.m	535	964c7228654efd49c2072f26c1579c4772722de8f258c9861e34f5ccdccb35c4
old_phase_field_ibm_local_repo	/Volumes/Elements/windows-docu/Research/Publications/[1] TwoPhase-FSI/05_Code/git_worktree_dirty/Unity VC-Public-IBM-Implicit-c - git/Unity VC-Public-IBM-Implicit-c/Functions/D2Updata_RhoMiu.m	local_algorithm_code/old_phase_field_ibm_local_repo/Functions/D2Updata_RhoMiu.m	1373	59b119cac354295861a537db7378c2e281b349938fac77401f8f23af9c893bc9
old_phase_field_ibm_local_repo	/Volumes/Elements/windows-docu/Research/Publications/[1] TwoPhase-FSI/05_Code/git_worktree_dirty/Unity VC-Public-IBM-Implicit-c - git/Unity VC-Public-IBM-Implicit-c/Functions/D2export.m	local_algorithm_code/old_phase_field_ibm_local_repo/Functions/D2export.m	615	39520e6356d8f13bc8e4da67bb51a669c34ccb0aa143dcb64642561c9fa3ae8d
old_phase_field_ibm_local_repo	/Volumes/Elements/windows-docu/Research/Publications/[1] TwoPhase-FSI/05_Code/git_worktree_dirty/Unity VC-Public-IBM-Implicit-c - git/Unity VC-Public-IBM-Implicit-c/Functions/D2set_BC.m	local_algorithm_code/old_phase_field_ibm_local_repo/Functions/D2set_BC.m	6891	b289b9b9da6e7b07371d5d282bba295d0490f6ddbe6dfb3ce7c38ca403980dc8
old_phase_field_ibm_local_repo	/Volumes/Elements/windows-docu/Research/Publications/[1] TwoPhase-FSI/05_Code/git_worktree_dirty/Unity VC-Public-IBM-Implicit-c - git/Unity VC-Public-IBM-Implicit-c/Functions/D2set_BCNeu.m	local_algorithm_code/old_phase_field_ibm_local_repo/Functions/D2set_BCNeu.m	413	b1ae751bb8822a22fb7679deb7937c3f568b24a9562ce5021724e678cb226152
old_phase_field_ibm_local_repo	/Volumes/Elements/windows-docu/Research/Publications/[1] TwoPhase-FSI/05_Code/git_worktree_dirty/Unity VC-Public-IBM-Implicit-c - git/Unity VC-Public-IBM-Implicit-c/Functions/D2set_BCPhiE.m	local_algorithm_code/old_phase_field_ibm_local_repo/Functions/D2set_BCPhiE.m	764	50974eacd6d0ed44f9633774db2bc26ef6d07e1bf3b33180ae91643b4b53a609
old_phase_field_ibm_local_repo	/Volumes/Elements/windows-docu/Research/Publications/[1] TwoPhase-FSI/05_Code/git_worktree_dirty/Unity VC-Public-IBM-Implicit-c - git/Unity VC-Public-IBM-Implicit-c/Functions/D2set_BCPhiM.m	local_algorithm_code/old_phase_field_ibm_local_repo/Functions/D2set_BCPhiM.m	674	c375ffde0cf32c445d37078f75e87c20c3e900638a40e5762c46e123611cb6f9
old_phase_field_ibm_local_repo	/Volumes/Elements/windows-docu/Research/Publications/[1] TwoPhase-FSI/05_Code/git_worktree_dirty/Unity VC-Public-IBM-Implicit-c - git/Unity VC-Public-IBM-Implicit-c/Functions/D2set_BCT.m	local_algorithm_code/old_phase_field_ibm_local_repo/Functions/D2set_BCT.m	894	310fccf565a51d4ff2ed5619bfd661334404460eead0cacbd7ff22d493893e83
old_phase_field_ibm_local_repo	/Volumes/Elements/windows-docu/Research/Publications/[1] TwoPhase-FSI/05_Code/git_worktree_dirty/Unity VC-Public-IBM-Implicit-c - git/Unity VC-Public-IBM-Implicit-c/Functions/D2set_BCWet.m	local_algorithm_code/old_phase_field_ibm_local_repo/Functions/D2set_BCWet.m	798	931cda8d552674d74bdd59a545c9c82a4504bd7e17cb5d2fd083d5b38cbc634d
old_phase_field_ibm_local_repo	/Volumes/Elements/windows-docu/Research/Publications/[1] TwoPhase-FSI/05_Code/git_worktree_dirty/Unity VC-Public-IBM-Implicit-c - git/Unity VC-Public-IBM-Implicit-c/Functions/D2set_BCconstu.m	local_algorithm_code/old_phase_field_ibm_local_repo/Functions/D2set_BCconstu.m	1270	4a302f9445814fd08efda0fb9721f00052e1f57bbd9d39cc2de74a6d28a9c1cb
old_phase_field_ibm_local_repo	/Volumes/Elements/windows-docu/Research/Publications/[1] TwoPhase-FSI/05_Code/git_worktree_dirty/Unity VC-Public-IBM-Implicit-c - git/Unity VC-Public-IBM-Implicit-c/Functions/D2set_BCconstv.m	local_algorithm_code/old_phase_field_ibm_local_repo/Functions/D2set_BCconstv.m	1238	14ea3fbfb18dc0796798bc565860ec777db414700b132ef9fdf93383160d8d50
old_phase_field_ibm_local_repo	/Volumes/Elements/windows-docu/Research/Publications/[1] TwoPhase-FSI/05_Code/git_worktree_dirty/Unity VC-Public-IBM-Implicit-c - git/Unity VC-Public-IBM-Implicit-c/Functions/D2set_BCcycle.m	local_algorithm_code/old_phase_field_ibm_local_repo/Functions/D2set_BCcycle.m	458	1495f3badd49ee740cbd8bf66cf4132643df9102eeee1b291d6d49c28323b37d
old_phase_field_ibm_local_repo	/Volumes/Elements/windows-docu/Research/Publications/[1] TwoPhase-FSI/05_Code/git_worktree_dirty/Unity VC-Public-IBM-Implicit-c - git/Unity VC-Public-IBM-Implicit-c/Functions/D2weno_eleX.m	local_algorithm_code/old_phase_field_ibm_local_repo/Functions/D2weno_eleX.m	281	a488f1877234d4db6184c873cf55635e2b215e059a9cb9937a3309c095beba80
old_phase_field_ibm_local_repo	/Volumes/Elements/windows-docu/Research/Publications/[1] TwoPhase-FSI/05_Code/git_worktree_dirty/Unity VC-Public-IBM-Implicit-c - git/Unity VC-Public-IBM-Implicit-c/Functions/D2weno_eleY.m	local_algorithm_code/old_phase_field_ibm_local_repo/Functions/D2weno_eleY.m	281	b1e2aca60947db5b84a47766aacedac72560b68629593442b3df9b6bbcb508bf
old_phase_field_ibm_local_repo	/Volumes/Elements/windows-docu/Research/Publications/[1] TwoPhase-FSI/05_Code/git_worktree_dirty/Unity VC-Public-IBM-Implicit-c - git/Unity VC-Public-IBM-Implicit-c/Functions/Dirac.m	local_algorithm_code/old_phase_field_ibm_local_repo/Functions/Dirac.m	346	d0803136383947fd493dc772dd97cdc0a78753f1ef2e135195acb5a9a2f61347
old_phase_field_ibm_local_repo	/Volumes/Elements/windows-docu/Research/Publications/[1] TwoPhase-FSI/05_Code/git_worktree_dirty/Unity VC-Public-IBM-Implicit-c - git/Unity VC-Public-IBM-Implicit-c/Functions/DiracInterpolation.m	local_algorithm_code/old_phase_field_ibm_local_repo/Functions/DiracInterpolation.m	695	4ad763f91c11229b17eb2c6633148f2318bc50165694df4c454161e3a5539384
old_phase_field_ibm_local_repo	/Volumes/Elements/windows-docu/Research/Publications/[1] TwoPhase-FSI/05_Code/git_worktree_dirty/Unity VC-Public-IBM-Implicit-c - git/Unity VC-Public-IBM-Implicit-c/Functions/Euler_Force.m	local_algorithm_code/old_phase_field_ibm_local_repo/Functions/Euler_Force.m	839	c0321306769e8555bd0ce43d91dfc9c37ede8fc1185d87cbe96f65a8310693c8
old_phase_field_ibm_local_repo	/Volumes/Elements/windows-docu/Research/Publications/[1] TwoPhase-FSI/05_Code/git_worktree_dirty/Unity VC-Public-IBM-Implicit-c - git/Unity VC-Public-IBM-Implicit-c/Functions/IB_Force.m	local_algorithm_code/old_phase_field_ibm_local_repo/Functions/IB_Force.m	553	c09c9fdc01082319e48f922aaac6601f70ec961122ec536953fd4b7cea2f2d9d
old_phase_field_ibm_local_repo	/Volumes/Elements/windows-docu/Research/Publications/[1] TwoPhase-FSI/05_Code/git_worktree_dirty/Unity VC-Public-IBM-Implicit-c - git/Unity VC-Public-IBM-Implicit-c/Functions/IB_Velocity.m	local_algorithm_code/old_phase_field_ibm_local_repo/Functions/IB_Velocity.m	744	b2bcbd42ff2312803718dfd6cc56091dc348e748b88c33840311a5413d7e698c
old_phase_field_ibm_local_repo	/Volumes/Elements/windows-docu/Research/Publications/[1] TwoPhase-FSI/05_Code/git_worktree_dirty/Unity VC-Public-IBM-Implicit-c - git/Unity VC-Public-IBM-Implicit-c/Functions/PltCicle.m	local_algorithm_code/old_phase_field_ibm_local_repo/Functions/PltCicle.m	534	520f972f7d55da5bfd2c69811a989e8cd000ca202fdb6ede56c840f19fd5d733
old_phase_field_ibm_local_repo	/Volumes/Elements/windows-docu/Research/Publications/[1] TwoPhase-FSI/05_Code/git_worktree_dirty/Unity VC-Public-IBM-Implicit-c - git/Unity VC-Public-IBM-Implicit-c/Scripts/D2DataQuantify.m	local_algorithm_code/old_phase_field_ibm_local_repo/Scripts/D2DataQuantify.m	2723	f8c448ead8f97f6e50b127876f574bef2362f02e3ade69407694bf80bf719831
old_phase_field_ibm_local_repo	/Volumes/Elements/windows-docu/Research/Publications/[1] TwoPhase-FSI/05_Code/git_worktree_dirty/Unity VC-Public-IBM-Implicit-c - git/Unity VC-Public-IBM-Implicit-c/Scripts/D2DimLess.m	local_algorithm_code/old_phase_field_ibm_local_repo/Scripts/D2DimLess.m	388	21d7d7a0fe87cdb9681ae37c2000d1fcefa139606e9274416fbaabb7db4265e9
old_phase_field_ibm_local_repo	/Volumes/Elements/windows-docu/Research/Publications/[1] TwoPhase-FSI/05_Code/git_worktree_dirty/Unity VC-Public-IBM-Implicit-c - git/Unity VC-Public-IBM-Implicit-c/Scripts/D2HandleFunc.m	local_algorithm_code/old_phase_field_ibm_local_repo/Scripts/D2HandleFunc.m	258	941aefca020c4614161c6ecd964a64332b2b242cb263b1a7949018c6bfcaa031
old_phase_field_ibm_local_repo	/Volumes/Elements/windows-docu/Research/Publications/[1] TwoPhase-FSI/05_Code/git_worktree_dirty/Unity VC-Public-IBM-Implicit-c - git/Unity VC-Public-IBM-Implicit-c/Scripts/D2IniMatrix.m	local_algorithm_code/old_phase_field_ibm_local_repo/Scripts/D2IniMatrix.m	1315	93b4b09019e9395c7e3e67189710718be93dad18cb34c2500077873343cf8854
old_phase_field_ibm_local_repo	/Volumes/Elements/windows-docu/Research/Publications/[1] TwoPhase-FSI/05_Code/git_worktree_dirty/Unity VC-Public-IBM-Implicit-c - git/Unity VC-Public-IBM-Implicit-c/Scripts/D2LocEleBc.m	local_algorithm_code/old_phase_field_ibm_local_repo/Scripts/D2LocEleBc.m	726	3f7e22394afef30c3b07c6eb5fe5e08fdeb8491970957c09e614cbbfade09940
old_phase_field_ibm_local_repo	/Volumes/Elements/windows-docu/Research/Publications/[1] TwoPhase-FSI/05_Code/git_worktree_dirty/Unity VC-Public-IBM-Implicit-c - git/Unity VC-Public-IBM-Implicit-c/Scripts/D2PostIni.m	local_algorithm_code/old_phase_field_ibm_local_repo/Scripts/D2PostIni.m	1083	01917a2403f47cc293d5ac5a51a11681d00308c65b5410258d9dc9e94bc049f0
old_phase_field_ibm_local_repo	/Volumes/Elements/windows-docu/Research/Publications/[1] TwoPhase-FSI/05_Code/git_worktree_dirty/Unity VC-Public-IBM-Implicit-c - git/Unity VC-Public-IBM-Implicit-c/Scripts/D2Post_LDC100.m	local_algorithm_code/old_phase_field_ibm_local_repo/Scripts/D2Post_LDC100.m	1472	6598f824259a36f67acc520312b4650eb819d2fad92d66a8e30ae71b2e4d6eb9
old_phase_field_ibm_local_repo	/Volumes/Elements/windows-docu/Research/Publications/[1] TwoPhase-FSI/05_Code/git_worktree_dirty/Unity VC-Public-IBM-Implicit-c - git/Unity VC-Public-IBM-Implicit-c/Scripts/D2Post_Laplace.m	local_algorithm_code/old_phase_field_ibm_local_repo/Scripts/D2Post_Laplace.m	865	5f2d9dac1069eb3e27cb39957c9d67f50dcb7cd9050fa3b069a9c47ac5f043a8
old_phase_field_ibm_local_repo	/Volumes/Elements/windows-docu/Research/Publications/[1] TwoPhase-FSI/05_Code/git_worktree_dirty/Unity VC-Public-IBM-Implicit-c - git/Unity VC-Public-IBM-Implicit-c/Scripts/D2Post_RS10.m	local_algorithm_code/old_phase_field_ibm_local_repo/Scripts/D2Post_RS10.m	4426	4c8a255ad71ca42fd09d0dc18fab51315b2ccaedd445c09b4b57b96adbb2cdb8
old_phase_field_ibm_local_repo	/Volumes/Elements/windows-docu/Research/Publications/[1] TwoPhase-FSI/05_Code/git_worktree_dirty/Unity VC-Public-IBM-Implicit-c - git/Unity VC-Public-IBM-Implicit-c/Scripts/D2Post_RS1000.m	local_algorithm_code/old_phase_field_ibm_local_repo/Scripts/D2Post_RS1000.m	4278	e4f3eb7c7559921b904adce3afebfcf7c65d9673b0a381347247c122c4462034
old_phase_field_ibm_local_repo	/Volumes/Elements/windows-docu/Research/Publications/[1] TwoPhase-FSI/05_Code/git_worktree_dirty/Unity VC-Public-IBM-Implicit-c - git/Unity VC-Public-IBM-Implicit-c/Scripts/D2Property.m	local_algorithm_code/old_phase_field_ibm_local_repo/Scripts/D2Property.m	419	fd3851b047af83a9e3e7cef87b76fdc3e7bf1d08245c2860fe73141b4ecf3728
old_phase_field_ibm_local_repo	/Volumes/Elements/windows-docu/Research/Publications/[1] TwoPhase-FSI/05_Code/git_worktree_dirty/Unity VC-Public-IBM-Implicit-c - git/Unity VC-Public-IBM-Implicit-c/Scripts/D2SpecialSet.m	local_algorithm_code/old_phase_field_ibm_local_repo/Scripts/D2SpecialSet.m	1762	c759361439fd148ac52542fa400cb1c60c054cd5f4b39b6ac7a9c5a88c28a093
old_phase_field_ibm_local_repo	/Volumes/Elements/windows-docu/Research/Publications/[1] TwoPhase-FSI/05_Code/git_worktree_dirty/Unity VC-Public-IBM-Implicit-c - git/Unity VC-Public-IBM-Implicit-c/main.m	local_algorithm_code/old_phase_field_ibm_local_repo/main.m	8280	fc9ff783621a41fd2f9ebccea48ae7d404523958a5ae3e62eed2fda865554e40
bubble_case_code_c	/Volumes/Elements/windows-docu/Research/Publications/[1] TwoPhase-FSI/06_Simulation_Data/bubble_cases/bubble/Unity VC-Public-IBM-Implicit-c/A_D2CH.m	local_algorithm_code/bubble_case_code/Unity VC-Public-IBM-Implicit-c/A_D2CH.m	4679	f382925c5a99978aae87951d0eb54f401b34448b7bcce3451db6877433ad1d76
bubble_case_code_c	/Volumes/Elements/windows-docu/Research/Publications/[1] TwoPhase-FSI/06_Simulation_Data/bubble_cases/bubble/Unity VC-Public-IBM-Implicit-c/A_D2MainBinary.m	local_algorithm_code/bubble_case_code/Unity VC-Public-IBM-Implicit-c/A_D2MainBinary.m	7725	b801b2de3b1b69b1b7a3059dce93830f6ca7dd06476b77d08feeed0b257e9a54
bubble_case_code_c	/Volumes/Elements/windows-docu/Research/Publications/[1] TwoPhase-FSI/06_Simulation_Data/bubble_cases/bubble/Unity VC-Public-IBM-Implicit-c/A_D2MainTernary.m	local_algorithm_code/bubble_case_code/Unity VC-Public-IBM-Implicit-c/A_D2MainTernary.m	7413	475ead12621f5e1baa51b9456ab05d37a963662cdea9a794738337c34ca8940a
bubble_case_code_c	/Volumes/Elements/windows-docu/Research/Publications/[1] TwoPhase-FSI/06_Simulation_Data/bubble_cases/bubble/Unity VC-Public-IBM-Implicit-c/A_D3Main.m	local_algorithm_code/bubble_case_code/Unity VC-Public-IBM-Implicit-c/A_D3Main.m	6205	2d8ec784e4fde9209fecd1a771b61b33bead1d79048596c5574f700178c1c089
bubble_case_code_c	/Volumes/Elements/windows-docu/Research/Publications/[1] TwoPhase-FSI/06_Simulation_Data/bubble_cases/bubble/Unity VC-Public-IBM-Implicit-c/CorrectIBM.m	local_algorithm_code/bubble_case_code/Unity VC-Public-IBM-Implicit-c/CorrectIBM.m	1928	08f2b31fbe9d83925d10d842e4f10d99f5054a2b282d4462b3d0a88611dd1935
bubble_case_code_c	/Volumes/Elements/windows-docu/Research/Publications/[1] TwoPhase-FSI/06_Simulation_Data/bubble_cases/bubble/Unity VC-Public-IBM-Implicit-c/D2CH_IniUV.m	local_algorithm_code/bubble_case_code/Unity VC-Public-IBM-Implicit-c/D2CH_IniUV.m	403	074b910d185bc76f3ce84f4597d5c1a19350cb51ffeaf8923c3cad40442c0e63
bubble_case_code_c	/Volumes/Elements/windows-docu/Research/Publications/[1] TwoPhase-FSI/06_Simulation_Data/bubble_cases/bubble/Unity VC-Public-IBM-Implicit-c/D2Calcu_Mcc.m	local_algorithm_code/bubble_case_code/Unity VC-Public-IBM-Implicit-c/D2Calcu_Mcc.m	758	c0bca0cc9d84804e59a893b4cf9445321d46e988dfee5711c07308a57f392c96
bubble_case_code_c	/Volumes/Elements/windows-docu/Research/Publications/[1] TwoPhase-FSI/06_Simulation_Data/bubble_cases/bubble/Unity VC-Public-IBM-Implicit-c/D2Calcu_b.m	local_algorithm_code/bubble_case_code/Unity VC-Public-IBM-Implicit-c/D2Calcu_b.m	1743	e3081dfca924ce117ebe81a4bade02bf636c03efc7082543c4b48800bd118724
bubble_case_code_c	/Volumes/Elements/windows-docu/Research/Publications/[1] TwoPhase-FSI/06_Simulation_Data/bubble_cases/bubble/Unity VC-Public-IBM-Implicit-c/D2D_Advc.m	local_algorithm_code/bubble_case_code/Unity VC-Public-IBM-Implicit-c/D2D_Advc.m	719	d18d5e5a88e69e9e127bb12601d1272a368af7b97b3affd1188eb1e4802f4016
bubble_case_code_c	/Volumes/Elements/windows-docu/Research/Publications/[1] TwoPhase-FSI/06_Simulation_Data/bubble_cases/bubble/Unity VC-Public-IBM-Implicit-c/D2DataQuantify.m	local_algorithm_code/bubble_case_code/Unity VC-Public-IBM-Implicit-c/D2DataQuantify.m	2723	f8c448ead8f97f6e50b127876f574bef2362f02e3ade69407694bf80bf719831
bubble_case_code_c	/Volumes/Elements/windows-docu/Research/Publications/[1] TwoPhase-FSI/06_Simulation_Data/bubble_cases/bubble/Unity VC-Public-IBM-Implicit-c/D2DimLess.m	local_algorithm_code/bubble_case_code/Unity VC-Public-IBM-Implicit-c/D2DimLess.m	388	21d7d7a0fe87cdb9681ae37c2000d1fcefa139606e9274416fbaabb7db4265e9
bubble_case_code_c	/Volumes/Elements/windows-docu/Research/Publications/[1] TwoPhase-FSI/06_Simulation_Data/bubble_cases/bubble/Unity VC-Public-IBM-Implicit-c/D2Diver_Dtrans.m	local_algorithm_code/bubble_case_code/Unity VC-Public-IBM-Implicit-c/D2Diver_Dtrans.m	589	30435ac3bb03a6f1ea1c5254b6a3008bd0a8e69f3b9ae3b567905f24413b2fbf
bubble_case_code_c	/Volumes/Elements/windows-docu/Research/Publications/[1] TwoPhase-FSI/06_Simulation_Data/bubble_cases/bubble/Unity VC-Public-IBM-Implicit-c/D2Electronic_PhiE.m	local_algorithm_code/bubble_case_code/Unity VC-Public-IBM-Implicit-c/D2Electronic_PhiE.m	1974	aa1c02ac421f299d084b4d482c43d9ef3dd9a4d810a245c1444c7b4b83247dad
bubble_case_code_c	/Volumes/Elements/windows-docu/Research/Publications/[1] TwoPhase-FSI/06_Simulation_Data/bubble_cases/bubble/Unity VC-Public-IBM-Implicit-c/D2Eq_Electronic.m	local_algorithm_code/bubble_case_code/Unity VC-Public-IBM-Implicit-c/D2Eq_Electronic.m	1156	6b6891fa3455778406227af5be39e0d39dfd72f934e8071d53b1b8550814580b
bubble_case_code_c	/Volumes/Elements/windows-docu/Research/Publications/[1] TwoPhase-FSI/06_Simulation_Data/bubble_cases/bubble/Unity VC-Public-IBM-Implicit-c/D2Eq_Magnetic.m	local_algorithm_code/bubble_case_code/Unity VC-Public-IBM-Implicit-c/D2Eq_Magnetic.m	1038	e293168697fa0b517f7ebf3b1fe72e89f88ce31d665c7e9cdccd308ae269155d
bubble_case_code_c	/Volumes/Elements/windows-docu/Research/Publications/[1] TwoPhase-FSI/06_Simulation_Data/bubble_cases/bubble/Unity VC-Public-IBM-Implicit-c/D2Eq_Mome.m	local_algorithm_code/bubble_case_code/Unity VC-Public-IBM-Implicit-c/D2Eq_Mome.m	2634	4e288397fcd1e21537b023cc57454ea9002095379f56249eb0a696fec2527136
bubble_case_code_c	/Volumes/Elements/windows-docu/Research/Publications/[1] TwoPhase-FSI/06_Simulation_Data/bubble_cases/bubble/Unity VC-Public-IBM-Implicit-c/D2Eq_Mome_S1.m	local_algorithm_code/bubble_case_code/Unity VC-Public-IBM-Implicit-c/D2Eq_Mome_S1.m	1684	c9903fa917f5076b0261e899e275b4ed4fd2f52c9833434a45c4b6de266670b0
bubble_case_code_c	/Volumes/Elements/windows-docu/Research/Publications/[1] TwoPhase-FSI/06_Simulation_Data/bubble_cases/bubble/Unity VC-Public-IBM-Implicit-c/D2Eq_Mome_S2_Original.m	local_algorithm_code/bubble_case_code/Unity VC-Public-IBM-Implicit-c/D2Eq_Mome_S2_Original.m	759	da97883e5104d02cc73472e1bc24e8d40fdcbf792e899be6ef84b9e0017b47ff
bubble_case_code_c	/Volumes/Elements/windows-docu/Research/Publications/[1] TwoPhase-FSI/06_Simulation_Data/bubble_cases/bubble/Unity VC-Public-IBM-Implicit-c/D2Eq_Mome_S2_RBC.m	local_algorithm_code/bubble_case_code/Unity VC-Public-IBM-Implicit-c/D2Eq_Mome_S2_RBC.m	15167	3c069f7b11059522998c0ba76e274c21d3252d0dba6aa7f99bbdea5c701e4c50
bubble_case_code_c	/Volumes/Elements/windows-docu/Research/Publications/[1] TwoPhase-FSI/06_Simulation_Data/bubble_cases/bubble/Unity VC-Public-IBM-Implicit-c/D2Eq_PhaseHAN.m	local_algorithm_code/bubble_case_code/Unity VC-Public-IBM-Implicit-c/D2Eq_PhaseHAN.m	906	e57fcf6f5e559ff6deb425c02f7a72544ef8ac1b0f5dc8f2789ae69fd9464c89
bubble_case_code_c	/Volumes/Elements/windows-docu/Research/Publications/[1] TwoPhase-FSI/06_Simulation_Data/bubble_cases/bubble/Unity VC-Public-IBM-Implicit-c/D2Eq_PhaseHzy.m	local_algorithm_code/bubble_case_code/Unity VC-Public-IBM-Implicit-c/D2Eq_PhaseHzy.m	1326	9671346ef4c84bb5ac40a24bb74d1f6897c524777daf3c6a2d744a529e9d07d5
bubble_case_code_c	/Volumes/Elements/windows-docu/Research/Publications/[1] TwoPhase-FSI/06_Simulation_Data/bubble_cases/bubble/Unity VC-Public-IBM-Implicit-c/D2Eq_PhaseLiu.m	local_algorithm_code/bubble_case_code/Unity VC-Public-IBM-Implicit-c/D2Eq_PhaseLiu.m	929	2e4c18969f5f7180355f60778fabc230c2f6038638d40731f097ce7f9280c3c1
bubble_case_code_c	/Volumes/Elements/windows-docu/Research/Publications/[1] TwoPhase-FSI/06_Simulation_Data/bubble_cases/bubble/Unity VC-Public-IBM-Implicit-c/D2Eq_PhaseLiuTVD3.m	local_algorithm_code/bubble_case_code/Unity VC-Public-IBM-Implicit-c/D2Eq_PhaseLiuTVD3.m	1047	b94653cd5c4a4f06af2e844047381178e74dfa31d06114b2b77838e6b868a403
bubble_case_code_c	/Volumes/Elements/windows-docu/Research/Publications/[1] TwoPhase-FSI/06_Simulation_Data/bubble_cases/bubble/Unity VC-Public-IBM-Implicit-c/D2Eq_PhaseSurfactant.m	local_algorithm_code/bubble_case_code/Unity VC-Public-IBM-Implicit-c/D2Eq_PhaseSurfactant.m	1052	f6a67e161df01affb02120b151cd7e84e6473a585ff8799bd83b4ff8d25b6522
bubble_case_code_c	/Volumes/Elements/windows-docu/Research/Publications/[1] TwoPhase-FSI/06_Simulation_Data/bubble_cases/bubble/Unity VC-Public-IBM-Implicit-c/D2Eq_PhaseZong.m	local_algorithm_code/bubble_case_code/Unity VC-Public-IBM-Implicit-c/D2Eq_PhaseZong.m	1179	2f62121e434c2026db0d1f40e163f4aa60698f530473f24ea361676722580162
bubble_case_code_c	/Volumes/Elements/windows-docu/Research/Publications/[1] TwoPhase-FSI/06_Simulation_Data/bubble_cases/bubble/Unity VC-Public-IBM-Implicit-c/D2Eq_Surfactant.m	local_algorithm_code/bubble_case_code/Unity VC-Public-IBM-Implicit-c/D2Eq_Surfactant.m	336	0997684ccb18f3d2acd01f877e53b49f37ddddddc5fc5845a320b87dac351491
bubble_case_code_c	/Volumes/Elements/windows-docu/Research/Publications/[1] TwoPhase-FSI/06_Simulation_Data/bubble_cases/bubble/Unity VC-Public-IBM-Implicit-c/D2Eq_Thermal.m	local_algorithm_code/bubble_case_code/Unity VC-Public-IBM-Implicit-c/D2Eq_Thermal.m	249	3fc0375e20f0dc43afd8191b2655d756686ce3ce455f2996e85056b7c7c2f4e1
bubble_case_code_c	/Volumes/Elements/windows-docu/Research/Publications/[1] TwoPhase-FSI/06_Simulation_Data/bubble_cases/bubble/Unity VC-Public-IBM-Implicit-c/D2FaceMeanX.m	local_algorithm_code/bubble_case_code/Unity VC-Public-IBM-Implicit-c/D2FaceMeanX.m	259	9399b5498c691838c42d82e25138c7cf9d907c947edcad3faebe167720dbc7f8
bubble_case_code_c	/Volumes/Elements/windows-docu/Research/Publications/[1] TwoPhase-FSI/06_Simulation_Data/bubble_cases/bubble/Unity VC-Public-IBM-Implicit-c/D2FaceMeanY.m	local_algorithm_code/bubble_case_code/Unity VC-Public-IBM-Implicit-c/D2FaceMeanY.m	249	7c5c083b06e90a02070bb74ab9e442b49b4b2afcf6349a4c53e77a2ee31e8030
bubble_case_code_c	/Volumes/Elements/windows-docu/Research/Publications/[1] TwoPhase-FSI/06_Simulation_Data/bubble_cases/bubble/Unity VC-Public-IBM-Implicit-c/D2Gradx_Matrix.m	local_algorithm_code/bubble_case_code/Unity VC-Public-IBM-Implicit-c/D2Gradx_Matrix.m	524	e1b039471365e4ba90d859961a17b4a800d7a21ea0c6ad4cd6e12bb19b911620
bubble_case_code_c	/Volumes/Elements/windows-docu/Research/Publications/[1] TwoPhase-FSI/06_Simulation_Data/bubble_cases/bubble/Unity VC-Public-IBM-Implicit-c/D2Gradx_face.m	local_algorithm_code/bubble_case_code/Unity VC-Public-IBM-Implicit-c/D2Gradx_face.m	274	8da2bb087dbcea959fd1f74522bff319ce45e9de9e0fc469dac85e694746532f
bubble_case_code_c	/Volumes/Elements/windows-docu/Research/Publications/[1] TwoPhase-FSI/06_Simulation_Data/bubble_cases/bubble/Unity VC-Public-IBM-Implicit-c/D2Gradx_face2.m	local_algorithm_code/bubble_case_code/Unity VC-Public-IBM-Implicit-c/D2Gradx_face2.m	241	e9602d7c385a212318a42829431be0638e2b9834a7bbabbf7b9850bf01d0e50f
bubble_case_code_c	/Volumes/Elements/windows-docu/Research/Publications/[1] TwoPhase-FSI/06_Simulation_Data/bubble_cases/bubble/Unity VC-Public-IBM-Implicit-c/D2Grady_Matrix.m	local_algorithm_code/bubble_case_code/Unity VC-Public-IBM-Implicit-c/D2Grady_Matrix.m	165	35d80e6ac586ab86e95b8f41a33e7beffea0ead3dfbf7b480bfed841fc7f5dd7
bubble_case_code_c	/Volumes/Elements/windows-docu/Research/Publications/[1] TwoPhase-FSI/06_Simulation_Data/bubble_cases/bubble/Unity VC-Public-IBM-Implicit-c/D2Grady_face.m	local_algorithm_code/bubble_case_code/Unity VC-Public-IBM-Implicit-c/D2Grady_face.m	311	ced8de28b80d1c28562a8a095390ee9df93920da52e262c38c86f35b58cdfda0
bubble_case_code_c	/Volumes/Elements/windows-docu/Research/Publications/[1] TwoPhase-FSI/06_Simulation_Data/bubble_cases/bubble/Unity VC-Public-IBM-Implicit-c/D2Grady_face2.m	local_algorithm_code/bubble_case_code/Unity VC-Public-IBM-Implicit-c/D2Grady_face2.m	276	48f0ac8252c61d7dfda574fe9a5323ed8e2e37b4fead728df3e6186b58ec71fc
bubble_case_code_c	/Volumes/Elements/windows-docu/Research/Publications/[1] TwoPhase-FSI/06_Simulation_Data/bubble_cases/bubble/Unity VC-Public-IBM-Implicit-c/D2HandleFunc.m	local_algorithm_code/bubble_case_code/Unity VC-Public-IBM-Implicit-c/D2HandleFunc.m	258	941aefca020c4614161c6ecd964a64332b2b242cb263b1a7949018c6bfcaa031
bubble_case_code_c	/Volumes/Elements/windows-docu/Research/Publications/[1] TwoPhase-FSI/06_Simulation_Data/bubble_cases/bubble/Unity VC-Public-IBM-Implicit-c/D2IBM_initial.m	local_algorithm_code/bubble_case_code/Unity VC-Public-IBM-Implicit-c/D2IBM_initial.m	3817	ce62ecf49600d62c37d38ca45c252f27c03afc5cb6b2f06c9cac7e595643c998
bubble_case_code_c	/Volumes/Elements/windows-docu/Research/Publications/[1] TwoPhase-FSI/06_Simulation_Data/bubble_cases/bubble/Unity VC-Public-IBM-Implicit-c/D2IBM_initial_implicit.m	local_algorithm_code/bubble_case_code/Unity VC-Public-IBM-Implicit-c/D2IBM_initial_implicit.m	4091	c277b2eadeeec1e453da2e137f47e021e5a7057042d168dbfd9aa13d1fbedab2
bubble_case_code_c	/Volumes/Elements/windows-docu/Research/Publications/[1] TwoPhase-FSI/06_Simulation_Data/bubble_cases/bubble/Unity VC-Public-IBM-Implicit-c/D2IniMatrix.m	local_algorithm_code/bubble_case_code/Unity VC-Public-IBM-Implicit-c/D2IniMatrix.m	1315	93b4b09019e9395c7e3e67189710718be93dad18cb34c2500077873343cf8854
bubble_case_code_c	/Volumes/Elements/windows-docu/Research/Publications/[1] TwoPhase-FSI/06_Simulation_Data/bubble_cases/bubble/Unity VC-Public-IBM-Implicit-c/D2InitialUVRsv.m	local_algorithm_code/bubble_case_code/Unity VC-Public-IBM-Implicit-c/D2InitialUVRsv.m	338	5e9dd927b1391be3d6f7f1447ae2a56b58cb6ea264eee7ab425d796d561c7c4e
bubble_case_code_c	/Volumes/Elements/windows-docu/Research/Publications/[1] TwoPhase-FSI/06_Simulation_Data/bubble_cases/bubble/Unity VC-Public-IBM-Implicit-c/D2InitialUVdb.m	local_algorithm_code/bubble_case_code/Unity VC-Public-IBM-Implicit-c/D2InitialUVdb.m	438	3e0813cc201ca2bded807921ce197cd96f7e408acecc4aa61990dcb58cf5396d
bubble_case_code_c	/Volumes/Elements/windows-docu/Research/Publications/[1] TwoPhase-FSI/06_Simulation_Data/bubble_cases/bubble/Unity VC-Public-IBM-Implicit-c/D2InitialUVza.m	local_algorithm_code/bubble_case_code/Unity VC-Public-IBM-Implicit-c/D2InitialUVza.m	243	6c9e2486e5b42ecfc7aa4831b644ede0700aba5eb1f1e41992bd6434cd54d9ac
bubble_case_code_c	/Volumes/Elements/windows-docu/Research/Publications/[1] TwoPhase-FSI/06_Simulation_Data/bubble_cases/bubble/Unity VC-Public-IBM-Implicit-c/D2Initial_T.m	local_algorithm_code/bubble_case_code/Unity VC-Public-IBM-Implicit-c/D2Initial_T.m	193	10485a858a1fb6bfbc3d04ba31e380c1a2116a34ea6bc85effd21101912fc6a1
bubble_case_code_c	/Volumes/Elements/windows-docu/Research/Publications/[1] TwoPhase-FSI/06_Simulation_Data/bubble_cases/bubble/Unity VC-Public-IBM-Implicit-c/D2Initial_phi.m	local_algorithm_code/bubble_case_code/Unity VC-Public-IBM-Implicit-c/D2Initial_phi.m	8398	ff3a9c1001670a014fa92c2d0b38e7f23f6a405a33eb872ea03d35a1d45ba3d8
bubble_case_code_c	/Volumes/Elements/windows-docu/Research/Publications/[1] TwoPhase-FSI/06_Simulation_Data/bubble_cases/bubble/Unity VC-Public-IBM-Implicit-c/D2La_Oper.m	local_algorithm_code/bubble_case_code/Unity VC-Public-IBM-Implicit-c/D2La_Oper.m	257	a516eda97efedc271a05498f6db60a4c29af84514fdd21aa08680a747aff25aa
bubble_case_code_c	/Volumes/Elements/windows-docu/Research/Publications/[1] TwoPhase-FSI/06_Simulation_Data/bubble_cases/bubble/Unity VC-Public-IBM-Implicit-c/D2LocEleBc.m	local_algorithm_code/bubble_case_code/Unity VC-Public-IBM-Implicit-c/D2LocEleBc.m	726	3f7e22394afef30c3b07c6eb5fe5e08fdeb8491970957c09e614cbbfade09940
bubble_case_code_c	/Volumes/Elements/windows-docu/Research/Publications/[1] TwoPhase-FSI/06_Simulation_Data/bubble_cases/bubble/Unity VC-Public-IBM-Implicit-c/D2Magnetic_PhiM.m	local_algorithm_code/bubble_case_code/Unity VC-Public-IBM-Implicit-c/D2Magnetic_PhiM.m	1987	7dddd4b3deda7f7ef368a5f82bd1ce923fa3c8338935653dbef3e124ec009fe2
bubble_case_code_c	/Volumes/Elements/windows-docu/Research/Publications/[1] TwoPhase-FSI/06_Simulation_Data/bubble_cases/bubble/Unity VC-Public-IBM-Implicit-c/D2Matrix_Au.m	local_algorithm_code/bubble_case_code/Unity VC-Public-IBM-Implicit-c/D2Matrix_Au.m	2645	4d4fe7c5c6cac926b50e6baf22c9c3c0aed47a187f455df1601567bb83719c50
bubble_case_code_c	/Volumes/Elements/windows-docu/Research/Publications/[1] TwoPhase-FSI/06_Simulation_Data/bubble_cases/bubble/Unity VC-Public-IBM-Implicit-c/D2Matrix_Av.m	local_algorithm_code/bubble_case_code/Unity VC-Public-IBM-Implicit-c/D2Matrix_Av.m	2276	b7d4539fb5dd89001af300455d13554eb917ea24e64add241729de69ea444441
bubble_case_code_c	/Volumes/Elements/windows-docu/Research/Publications/[1] TwoPhase-FSI/06_Simulation_Data/bubble_cases/bubble/Unity VC-Public-IBM-Implicit-c/D2Matrix_FaceMeanC.m	local_algorithm_code/bubble_case_code/Unity VC-Public-IBM-Implicit-c/D2Matrix_FaceMeanC.m	671	0e00c81bd04969cc2a6f9ad2efdf544790384eafa1873b67b2d3ab16e40f37a0
bubble_case_code_c	/Volumes/Elements/windows-docu/Research/Publications/[1] TwoPhase-FSI/06_Simulation_Data/bubble_cases/bubble/Unity VC-Public-IBM-Implicit-c/D2Matrix_FaceMeanF.m	local_algorithm_code/bubble_case_code/Unity VC-Public-IBM-Implicit-c/D2Matrix_FaceMeanF.m	426	3d93bae564e480b482eafd82bfcb9ed36122ec67bf1e851d20d6232b5b9ce913
bubble_case_code_c	/Volumes/Elements/windows-docu/Research/Publications/[1] TwoPhase-FSI/06_Simulation_Data/bubble_cases/bubble/Unity VC-Public-IBM-Implicit-c/D2Matrix_FluxX.m	local_algorithm_code/bubble_case_code/Unity VC-Public-IBM-Implicit-c/D2Matrix_FluxX.m	569	499004e55227fc5b9ef4ba81394c87d60d48859b2f56db888ee470e7dea23589
bubble_case_code_c	/Volumes/Elements/windows-docu/Research/Publications/[1] TwoPhase-FSI/06_Simulation_Data/bubble_cases/bubble/Unity VC-Public-IBM-Implicit-c/D2Matrix_FluxY.m	local_algorithm_code/bubble_case_code/Unity VC-Public-IBM-Implicit-c/D2Matrix_FluxY.m	553	54ff4155059ec71603d83f506bb4ed99821debcfdcc910097e4e368be3cfa58e
bubble_case_code_c	/Volumes/Elements/windows-docu/Research/Publications/[1] TwoPhase-FSI/06_Simulation_Data/bubble_cases/bubble/Unity VC-Public-IBM-Implicit-c/D2Matrix_Laplace.m	local_algorithm_code/bubble_case_code/Unity VC-Public-IBM-Implicit-c/D2Matrix_Laplace.m	1972	ffb98cae7e57bd0f47324503d8285791d21621194d776a79613ef09edfe4cef7
bubble_case_code_c	/Volumes/Elements/windows-docu/Research/Publications/[1] TwoPhase-FSI/06_Simulation_Data/bubble_cases/bubble/Unity VC-Public-IBM-Implicit-c/D2Matrix_NodeMean.m	local_algorithm_code/bubble_case_code/Unity VC-Public-IBM-Implicit-c/D2Matrix_NodeMean.m	568	ee3821f92ceccf037dc8a28f63a0e8a0475301309f6517e1f42095dd76b75827
bubble_case_code_c	/Volumes/Elements/windows-docu/Research/Publications/[1] TwoPhase-FSI/06_Simulation_Data/bubble_cases/bubble/Unity VC-Public-IBM-Implicit-c/D2Matrix_weno5.m	local_algorithm_code/bubble_case_code/Unity VC-Public-IBM-Implicit-c/D2Matrix_weno5.m	987	b50c74ea9d6a8e8f8ea002a7ab3fbbf1f6af0512e10c3672487683454e566255
bubble_case_code_c	/Volumes/Elements/windows-docu/Research/Publications/[1] TwoPhase-FSI/06_Simulation_Data/bubble_cases/bubble/Unity VC-Public-IBM-Implicit-c/D2Mesh.m	local_algorithm_code/bubble_case_code/Unity VC-Public-IBM-Implicit-c/D2Mesh.m	579	bec481f1a5dfe4d953bc246d19a55382bf23802edc6f473d0daa174f01611b5f
bubble_case_code_c	/Volumes/Elements/windows-docu/Research/Publications/[1] TwoPhase-FSI/06_Simulation_Data/bubble_cases/bubble/Unity VC-Public-IBM-Implicit-c/D2Phase_const.m	local_algorithm_code/bubble_case_code/Unity VC-Public-IBM-Implicit-c/D2Phase_const.m	370	98f2df01deae06fc420301b365d8f63d143f8d7d37e78f682679ef06e4a1dd67
bubble_case_code_c	/Volumes/Elements/windows-docu/Research/Publications/[1] TwoPhase-FSI/06_Simulation_Data/bubble_cases/bubble/Unity VC-Public-IBM-Implicit-c/D2PostIni.m	local_algorithm_code/bubble_case_code/Unity VC-Public-IBM-Implicit-c/D2PostIni.m	1083	01917a2403f47cc293d5ac5a51a11681d00308c65b5410258d9dc9e94bc049f0
bubble_case_code_c	/Volumes/Elements/windows-docu/Research/Publications/[1] TwoPhase-FSI/06_Simulation_Data/bubble_cases/bubble/Unity VC-Public-IBM-Implicit-c/D2Post_LDC100.m	local_algorithm_code/bubble_case_code/Unity VC-Public-IBM-Implicit-c/D2Post_LDC100.m	1472	6598f824259a36f67acc520312b4650eb819d2fad92d66a8e30ae71b2e4d6eb9
bubble_case_code_c	/Volumes/Elements/windows-docu/Research/Publications/[1] TwoPhase-FSI/06_Simulation_Data/bubble_cases/bubble/Unity VC-Public-IBM-Implicit-c/D2Post_Laplace.m	local_algorithm_code/bubble_case_code/Unity VC-Public-IBM-Implicit-c/D2Post_Laplace.m	865	5f2d9dac1069eb3e27cb39957c9d67f50dcb7cd9050fa3b069a9c47ac5f043a8
bubble_case_code_c	/Volumes/Elements/windows-docu/Research/Publications/[1] TwoPhase-FSI/06_Simulation_Data/bubble_cases/bubble/Unity VC-Public-IBM-Implicit-c/D2Post_RS10.m	local_algorithm_code/bubble_case_code/Unity VC-Public-IBM-Implicit-c/D2Post_RS10.m	4426	4c8a255ad71ca42fd09d0dc18fab51315b2ccaedd445c09b4b57b96adbb2cdb8
bubble_case_code_c	/Volumes/Elements/windows-docu/Research/Publications/[1] TwoPhase-FSI/06_Simulation_Data/bubble_cases/bubble/Unity VC-Public-IBM-Implicit-c/D2Post_RS1000.m	local_algorithm_code/bubble_case_code/Unity VC-Public-IBM-Implicit-c/D2Post_RS1000.m	4278	e4f3eb7c7559921b904adce3afebfcf7c65d9673b0a381347247c122c4462034
bubble_case_code_c	/Volumes/Elements/windows-docu/Research/Publications/[1] TwoPhase-FSI/06_Simulation_Data/bubble_cases/bubble/Unity VC-Public-IBM-Implicit-c/D2Property.m	local_algorithm_code/bubble_case_code/Unity VC-Public-IBM-Implicit-c/D2Property.m	3740	d9a95fdaa8d34d4b8d2169abe55a9f63525102f8b58cce6a30334f1677220a19
bubble_case_code_c	/Volumes/Elements/windows-docu/Research/Publications/[1] TwoPhase-FSI/06_Simulation_Data/bubble_cases/bubble/Unity VC-Public-IBM-Implicit-c/D2RC_Interpolation.m	local_algorithm_code/bubble_case_code/Unity VC-Public-IBM-Implicit-c/D2RC_Interpolation.m	14683	88f408b2acbe740cbf816cb07aff7b2e2a0b825833ca9b6ca1f9f3e2b6e74614
bubble_case_code_c	/Volumes/Elements/windows-docu/Research/Publications/[1] TwoPhase-FSI/06_Simulation_Data/bubble_cases/bubble/Unity VC-Public-IBM-Implicit-c/D2RhieC_mCap.m	local_algorithm_code/bubble_case_code/Unity VC-Public-IBM-Implicit-c/D2RhieC_mCap.m	1214	98763456770939b6071c675c18d071875c6654ff465235e0f0c13f5a21a3788e
bubble_case_code_c	/Volumes/Elements/windows-docu/Research/Publications/[1] TwoPhase-FSI/06_Simulation_Data/bubble_cases/bubble/Unity VC-Public-IBM-Implicit-c/D2RhieChow.m	local_algorithm_code/bubble_case_code/Unity VC-Public-IBM-Implicit-c/D2RhieChow.m	9835	5ee5a3a44dd5b1e461c7351a07efc2356e3f328692e6162ac465e45d5f0ba2d3
bubble_case_code_c	/Volumes/Elements/windows-docu/Research/Publications/[1] TwoPhase-FSI/06_Simulation_Data/bubble_cases/bubble/Unity VC-Public-IBM-Implicit-c/D2RhieChow2.m	local_algorithm_code/bubble_case_code/Unity VC-Public-IBM-Implicit-c/D2RhieChow2.m	3897	c30654dd44d86828bc77de3c21a68a7c42d2c696d114da0e5c9a4e9c0b4562d2
bubble_case_code_c	/Volumes/Elements/windows-docu/Research/Publications/[1] TwoPhase-FSI/06_Simulation_Data/bubble_cases/bubble/Unity VC-Public-IBM-Implicit-c/D2RhieChow3.m	local_algorithm_code/bubble_case_code/Unity VC-Public-IBM-Implicit-c/D2RhieChow3.m	2246	6ed60a0abc98fa23ee05fafe6118109357e5017d48f417572c85a48c0c0b6328
bubble_case_code_c	/Volumes/Elements/windows-docu/Research/Publications/[1] TwoPhase-FSI/06_Simulation_Data/bubble_cases/bubble/Unity VC-Public-IBM-Implicit-c/D2RhieChowDebug.m	local_algorithm_code/bubble_case_code/Unity VC-Public-IBM-Implicit-c/D2RhieChowDebug.m	797	7d9adb3e3c494007fc355f83c5ee231af4a01d2ab1765fb3008a351045831f85
bubble_case_code_c	/Volumes/Elements/windows-docu/Research/Publications/[1] TwoPhase-FSI/06_Simulation_Data/bubble_cases/bubble/Unity VC-Public-IBM-Implicit-c/D2SpecialSet.m	local_algorithm_code/bubble_case_code/Unity VC-Public-IBM-Implicit-c/D2SpecialSet.m	1761	72af5688ba31a1e3edd8d0662c7475ea10ca5d1dd36561d8ebd1ecd02e7a1ea0
bubble_case_code_c	/Volumes/Elements/windows-docu/Research/Publications/[1] TwoPhase-FSI/06_Simulation_Data/bubble_cases/bubble/Unity VC-Public-IBM-Implicit-c/D2TernConst.m	local_algorithm_code/bubble_case_code/Unity VC-Public-IBM-Implicit-c/D2TernConst.m	553	d54307453102306f9c6de44087beddb0a054d2680d022a6191a50803590e93f0
bubble_case_code_c	/Volumes/Elements/windows-docu/Research/Publications/[1] TwoPhase-FSI/06_Simulation_Data/bubble_cases/bubble/Unity VC-Public-IBM-Implicit-c/D2TernEq_PhaseJoe.m	local_algorithm_code/bubble_case_code/Unity VC-Public-IBM-Implicit-c/D2TernEq_PhaseJoe.m	1057	d2f5a72db53c7ed5405abb908439b376f1713658e11c0b11c021e2fbdad8aae0
bubble_case_code_c	/Volumes/Elements/windows-docu/Research/Publications/[1] TwoPhase-FSI/06_Simulation_Data/bubble_cases/bubble/Unity VC-Public-IBM-Implicit-c/D2TernIni_phi.m	local_algorithm_code/bubble_case_code/Unity VC-Public-IBM-Implicit-c/D2TernIni_phi.m	2345	0c171e1722f9f45cf0cabf5f3a0c792bd7bff5fae5a1e5e83114e85781e7502f
bubble_case_code_c	/Volumes/Elements/windows-docu/Research/Publications/[1] TwoPhase-FSI/06_Simulation_Data/bubble_cases/bubble/Unity VC-Public-IBM-Implicit-c/D2TernPostIni.m	local_algorithm_code/bubble_case_code/Unity VC-Public-IBM-Implicit-c/D2TernPostIni.m	1380	f6b2fcde00152a2186d03574dce9bcaffb8022aa8ce02adc05920c824fa69ffe
bubble_case_code_c	/Volumes/Elements/windows-docu/Research/Publications/[1] TwoPhase-FSI/06_Simulation_Data/bubble_cases/bubble/Unity VC-Public-IBM-Implicit-c/D2TernProperty.m	local_algorithm_code/bubble_case_code/Unity VC-Public-IBM-Implicit-c/D2TernProperty.m	1161	f7f04dfae7139bd67ad71e69a747f1a1fdadcc6166bb9234a8c2bbb0d8426790
bubble_case_code_c	/Volumes/Elements/windows-docu/Research/Publications/[1] TwoPhase-FSI/06_Simulation_Data/bubble_cases/bubble/Unity VC-Public-IBM-Implicit-c/D2TernPsi.m	local_algorithm_code/bubble_case_code/Unity VC-Public-IBM-Implicit-c/D2TernPsi.m	322	93d9132669be7c06b73dd3268b75aa728bac785f6987fd1c73aa3d81754ee3a3
bubble_case_code_c	/Volumes/Elements/windows-docu/Research/Publications/[1] TwoPhase-FSI/06_Simulation_Data/bubble_cases/bubble/Unity VC-Public-IBM-Implicit-c/D2TernSpecialSet.m	local_algorithm_code/bubble_case_code/Unity VC-Public-IBM-Implicit-c/D2TernSpecialSet.m	1565	9f0ba64e613fe444441ca54142eff375a67505f42b55d028a94a22e63f66043d
bubble_case_code_c	/Volumes/Elements/windows-docu/Research/Publications/[1] TwoPhase-FSI/06_Simulation_Data/bubble_cases/bubble/Unity VC-Public-IBM-Implicit-c/D2TernUpdata.m	local_algorithm_code/bubble_case_code/Unity VC-Public-IBM-Implicit-c/D2TernUpdata.m	988	a98cb3685d76ac7d39bc624fbffed86a3b915a69512ba6d498dabc2a46d92783
bubble_case_code_c	/Volumes/Elements/windows-docu/Research/Publications/[1] TwoPhase-FSI/06_Simulation_Data/bubble_cases/bubble/Unity VC-Public-IBM-Implicit-c/D2Theimal.m	local_algorithm_code/bubble_case_code/Unity VC-Public-IBM-Implicit-c/D2Theimal.m	884	50fe4be2c94a91e12413c9c39364b01faf9ad28c0dcda20c694906fb44fb2857
bubble_case_code_c	/Volumes/Elements/windows-docu/Research/Publications/[1] TwoPhase-FSI/06_Simulation_Data/bubble_cases/bubble/Unity VC-Public-IBM-Implicit-c/D2Uf_inte.m	local_algorithm_code/bubble_case_code/Unity VC-Public-IBM-Implicit-c/D2Uf_inte.m	535	964c7228654efd49c2072f26c1579c4772722de8f258c9861e34f5ccdccb35c4
bubble_case_code_c	/Volumes/Elements/windows-docu/Research/Publications/[1] TwoPhase-FSI/06_Simulation_Data/bubble_cases/bubble/Unity VC-Public-IBM-Implicit-c/D2Updata_RhoMiu.m	local_algorithm_code/bubble_case_code/Unity VC-Public-IBM-Implicit-c/D2Updata_RhoMiu.m	1103	f1fbfdc6cfe313c541a017609dc599f520d89a1515dbe2c891cb01d48683aa23
bubble_case_code_c	/Volumes/Elements/windows-docu/Research/Publications/[1] TwoPhase-FSI/06_Simulation_Data/bubble_cases/bubble/Unity VC-Public-IBM-Implicit-c/D2VolLeaf.m	local_algorithm_code/bubble_case_code/Unity VC-Public-IBM-Implicit-c/D2VolLeaf.m	154	27080ab51e8118423177011c6e5cdacb8abdded1f98a22e81daaed07edf603b0
bubble_case_code_c	/Volumes/Elements/windows-docu/Research/Publications/[1] TwoPhase-FSI/06_Simulation_Data/bubble_cases/bubble/Unity VC-Public-IBM-Implicit-c/D2export.m	local_algorithm_code/bubble_case_code/Unity VC-Public-IBM-Implicit-c/D2export.m	615	39520e6356d8f13bc8e4da67bb51a669c34ccb0aa143dcb64642561c9fa3ae8d
bubble_case_code_c	/Volumes/Elements/windows-docu/Research/Publications/[1] TwoPhase-FSI/06_Simulation_Data/bubble_cases/bubble/Unity VC-Public-IBM-Implicit-c/D2set_BC.m	local_algorithm_code/bubble_case_code/Unity VC-Public-IBM-Implicit-c/D2set_BC.m	6891	b289b9b9da6e7b07371d5d282bba295d0490f6ddbe6dfb3ce7c38ca403980dc8
bubble_case_code_c	/Volumes/Elements/windows-docu/Research/Publications/[1] TwoPhase-FSI/06_Simulation_Data/bubble_cases/bubble/Unity VC-Public-IBM-Implicit-c/D2set_BCNeu.m	local_algorithm_code/bubble_case_code/Unity VC-Public-IBM-Implicit-c/D2set_BCNeu.m	413	b1ae751bb8822a22fb7679deb7937c3f568b24a9562ce5021724e678cb226152
bubble_case_code_c	/Volumes/Elements/windows-docu/Research/Publications/[1] TwoPhase-FSI/06_Simulation_Data/bubble_cases/bubble/Unity VC-Public-IBM-Implicit-c/D2set_BCPhiE.m	local_algorithm_code/bubble_case_code/Unity VC-Public-IBM-Implicit-c/D2set_BCPhiE.m	764	50974eacd6d0ed44f9633774db2bc26ef6d07e1bf3b33180ae91643b4b53a609
bubble_case_code_c	/Volumes/Elements/windows-docu/Research/Publications/[1] TwoPhase-FSI/06_Simulation_Data/bubble_cases/bubble/Unity VC-Public-IBM-Implicit-c/D2set_BCPhiM.m	local_algorithm_code/bubble_case_code/Unity VC-Public-IBM-Implicit-c/D2set_BCPhiM.m	674	c375ffde0cf32c445d37078f75e87c20c3e900638a40e5762c46e123611cb6f9
bubble_case_code_c	/Volumes/Elements/windows-docu/Research/Publications/[1] TwoPhase-FSI/06_Simulation_Data/bubble_cases/bubble/Unity VC-Public-IBM-Implicit-c/D2set_BCT.m	local_algorithm_code/bubble_case_code/Unity VC-Public-IBM-Implicit-c/D2set_BCT.m	894	310fccf565a51d4ff2ed5619bfd661334404460eead0cacbd7ff22d493893e83
bubble_case_code_c	/Volumes/Elements/windows-docu/Research/Publications/[1] TwoPhase-FSI/06_Simulation_Data/bubble_cases/bubble/Unity VC-Public-IBM-Implicit-c/D2set_BCWet.m	local_algorithm_code/bubble_case_code/Unity VC-Public-IBM-Implicit-c/D2set_BCWet.m	798	931cda8d552674d74bdd59a545c9c82a4504bd7e17cb5d2fd083d5b38cbc634d
bubble_case_code_c	/Volumes/Elements/windows-docu/Research/Publications/[1] TwoPhase-FSI/06_Simulation_Data/bubble_cases/bubble/Unity VC-Public-IBM-Implicit-c/D2set_BCconstu.m	local_algorithm_code/bubble_case_code/Unity VC-Public-IBM-Implicit-c/D2set_BCconstu.m	1270	4a302f9445814fd08efda0fb9721f00052e1f57bbd9d39cc2de74a6d28a9c1cb
bubble_case_code_c	/Volumes/Elements/windows-docu/Research/Publications/[1] TwoPhase-FSI/06_Simulation_Data/bubble_cases/bubble/Unity VC-Public-IBM-Implicit-c/D2set_BCconstv.m	local_algorithm_code/bubble_case_code/Unity VC-Public-IBM-Implicit-c/D2set_BCconstv.m	1238	14ea3fbfb18dc0796798bc565860ec777db414700b132ef9fdf93383160d8d50
bubble_case_code_c	/Volumes/Elements/windows-docu/Research/Publications/[1] TwoPhase-FSI/06_Simulation_Data/bubble_cases/bubble/Unity VC-Public-IBM-Implicit-c/D2set_BCcycle.m	local_algorithm_code/bubble_case_code/Unity VC-Public-IBM-Implicit-c/D2set_BCcycle.m	458	1495f3badd49ee740cbd8bf66cf4132643df9102eeee1b291d6d49c28323b37d
bubble_case_code_c	/Volumes/Elements/windows-docu/Research/Publications/[1] TwoPhase-FSI/06_Simulation_Data/bubble_cases/bubble/Unity VC-Public-IBM-Implicit-c/D2weno_eleX.m	local_algorithm_code/bubble_case_code/Unity VC-Public-IBM-Implicit-c/D2weno_eleX.m	281	a488f1877234d4db6184c873cf55635e2b215e059a9cb9937a3309c095beba80
bubble_case_code_c	/Volumes/Elements/windows-docu/Research/Publications/[1] TwoPhase-FSI/06_Simulation_Data/bubble_cases/bubble/Unity VC-Public-IBM-Implicit-c/D2weno_eleY.m	local_algorithm_code/bubble_case_code/Unity VC-Public-IBM-Implicit-c/D2weno_eleY.m	281	b1e2aca60947db5b84a47766aacedac72560b68629593442b3df9b6bbcb508bf
bubble_case_code_c	/Volumes/Elements/windows-docu/Research/Publications/[1] TwoPhase-FSI/06_Simulation_Data/bubble_cases/bubble/Unity VC-Public-IBM-Implicit-c/Dirac.m	local_algorithm_code/bubble_case_code/Unity VC-Public-IBM-Implicit-c/Dirac.m	346	d0803136383947fd493dc772dd97cdc0a78753f1ef2e135195acb5a9a2f61347
bubble_case_code_c	/Volumes/Elements/windows-docu/Research/Publications/[1] TwoPhase-FSI/06_Simulation_Data/bubble_cases/bubble/Unity VC-Public-IBM-Implicit-c/DiracInterpolation.m	local_algorithm_code/bubble_case_code/Unity VC-Public-IBM-Implicit-c/DiracInterpolation.m	695	4ad763f91c11229b17eb2c6633148f2318bc50165694df4c454161e3a5539384
bubble_case_code_c	/Volumes/Elements/windows-docu/Research/Publications/[1] TwoPhase-FSI/06_Simulation_Data/bubble_cases/bubble/Unity VC-Public-IBM-Implicit-c/Euler_Force.m	local_algorithm_code/bubble_case_code/Unity VC-Public-IBM-Implicit-c/Euler_Force.m	839	c0321306769e8555bd0ce43d91dfc9c37ede8fc1185d87cbe96f65a8310693c8
bubble_case_code_c	/Volumes/Elements/windows-docu/Research/Publications/[1] TwoPhase-FSI/06_Simulation_Data/bubble_cases/bubble/Unity VC-Public-IBM-Implicit-c/IB_Force.m	local_algorithm_code/bubble_case_code/Unity VC-Public-IBM-Implicit-c/IB_Force.m	553	c09c9fdc01082319e48f922aaac6601f70ec961122ec536953fd4b7cea2f2d9d
bubble_case_code_c	/Volumes/Elements/windows-docu/Research/Publications/[1] TwoPhase-FSI/06_Simulation_Data/bubble_cases/bubble/Unity VC-Public-IBM-Implicit-c/IB_Velocity.m	local_algorithm_code/bubble_case_code/Unity VC-Public-IBM-Implicit-c/IB_Velocity.m	744	b2bcbd42ff2312803718dfd6cc56091dc348e748b88c33840311a5413d7e698c
bubble_case_code_c	/Volumes/Elements/windows-docu/Research/Publications/[1] TwoPhase-FSI/06_Simulation_Data/bubble_cases/bubble/Unity VC-Public-IBM-Implicit-c/PltCicle.m	local_algorithm_code/bubble_case_code/Unity VC-Public-IBM-Implicit-c/PltCicle.m	534	520f972f7d55da5bfd2c69811a989e8cd000ca202fdb6ede56c840f19fd5d733
bubble_case_code_dirac_density	/Volumes/Elements/windows-docu/Research/Publications/[1] TwoPhase-FSI/06_Simulation_Data/bubble_cases/bubble/Unity VC-Public-IBM-Implicit-DiracDensity/A_D2CH.m	local_algorithm_code/bubble_case_code/Unity VC-Public-IBM-Implicit-DiracDensity/A_D2CH.m	4679	f382925c5a99978aae87951d0eb54f401b34448b7bcce3451db6877433ad1d76
bubble_case_code_dirac_density	/Volumes/Elements/windows-docu/Research/Publications/[1] TwoPhase-FSI/06_Simulation_Data/bubble_cases/bubble/Unity VC-Public-IBM-Implicit-DiracDensity/A_D2MainBinary.m	local_algorithm_code/bubble_case_code/Unity VC-Public-IBM-Implicit-DiracDensity/A_D2MainBinary.m	7763	f6c90b92a0ffe922993061562f79ab943bc45013d98f318edd6458969cfb159e
bubble_case_code_dirac_density	/Volumes/Elements/windows-docu/Research/Publications/[1] TwoPhase-FSI/06_Simulation_Data/bubble_cases/bubble/Unity VC-Public-IBM-Implicit-DiracDensity/A_D2MainTernary.m	local_algorithm_code/bubble_case_code/Unity VC-Public-IBM-Implicit-DiracDensity/A_D2MainTernary.m	7413	475ead12621f5e1baa51b9456ab05d37a963662cdea9a794738337c34ca8940a
bubble_case_code_dirac_density	/Volumes/Elements/windows-docu/Research/Publications/[1] TwoPhase-FSI/06_Simulation_Data/bubble_cases/bubble/Unity VC-Public-IBM-Implicit-DiracDensity/A_D3Main.m	local_algorithm_code/bubble_case_code/Unity VC-Public-IBM-Implicit-DiracDensity/A_D3Main.m	6205	2d8ec784e4fde9209fecd1a771b61b33bead1d79048596c5574f700178c1c089
bubble_case_code_dirac_density	/Volumes/Elements/windows-docu/Research/Publications/[1] TwoPhase-FSI/06_Simulation_Data/bubble_cases/bubble/Unity VC-Public-IBM-Implicit-DiracDensity/CorrectIBM.m	local_algorithm_code/bubble_case_code/Unity VC-Public-IBM-Implicit-DiracDensity/CorrectIBM.m	3025	33a18166ebde0e34d0d5de3dcd86cfa6f1027d6b9e00d6d07dff0fa0e2a79bbf
bubble_case_code_dirac_density	/Volumes/Elements/windows-docu/Research/Publications/[1] TwoPhase-FSI/06_Simulation_Data/bubble_cases/bubble/Unity VC-Public-IBM-Implicit-DiracDensity/D2CH_IniUV.m	local_algorithm_code/bubble_case_code/Unity VC-Public-IBM-Implicit-DiracDensity/D2CH_IniUV.m	403	074b910d185bc76f3ce84f4597d5c1a19350cb51ffeaf8923c3cad40442c0e63
bubble_case_code_dirac_density	/Volumes/Elements/windows-docu/Research/Publications/[1] TwoPhase-FSI/06_Simulation_Data/bubble_cases/bubble/Unity VC-Public-IBM-Implicit-DiracDensity/D2Calcu_Mcc.m	local_algorithm_code/bubble_case_code/Unity VC-Public-IBM-Implicit-DiracDensity/D2Calcu_Mcc.m	758	c0bca0cc9d84804e59a893b4cf9445321d46e988dfee5711c07308a57f392c96
bubble_case_code_dirac_density	/Volumes/Elements/windows-docu/Research/Publications/[1] TwoPhase-FSI/06_Simulation_Data/bubble_cases/bubble/Unity VC-Public-IBM-Implicit-DiracDensity/D2Calcu_b.m	local_algorithm_code/bubble_case_code/Unity VC-Public-IBM-Implicit-DiracDensity/D2Calcu_b.m	1743	e3081dfca924ce117ebe81a4bade02bf636c03efc7082543c4b48800bd118724
bubble_case_code_dirac_density	/Volumes/Elements/windows-docu/Research/Publications/[1] TwoPhase-FSI/06_Simulation_Data/bubble_cases/bubble/Unity VC-Public-IBM-Implicit-DiracDensity/D2D_Advc.m	local_algorithm_code/bubble_case_code/Unity VC-Public-IBM-Implicit-DiracDensity/D2D_Advc.m	719	d18d5e5a88e69e9e127bb12601d1272a368af7b97b3affd1188eb1e4802f4016
bubble_case_code_dirac_density	/Volumes/Elements/windows-docu/Research/Publications/[1] TwoPhase-FSI/06_Simulation_Data/bubble_cases/bubble/Unity VC-Public-IBM-Implicit-DiracDensity/D2DataQuantify.m	local_algorithm_code/bubble_case_code/Unity VC-Public-IBM-Implicit-DiracDensity/D2DataQuantify.m	3514	ec4fbb7c0bced64ca88e31f002fd3e97f2f63cfcdea21aa24736b3cc25c392dd
bubble_case_code_dirac_density	/Volumes/Elements/windows-docu/Research/Publications/[1] TwoPhase-FSI/06_Simulation_Data/bubble_cases/bubble/Unity VC-Public-IBM-Implicit-DiracDensity/D2DimLess.m	local_algorithm_code/bubble_case_code/Unity VC-Public-IBM-Implicit-DiracDensity/D2DimLess.m	388	21d7d7a0fe87cdb9681ae37c2000d1fcefa139606e9274416fbaabb7db4265e9
bubble_case_code_dirac_density	/Volumes/Elements/windows-docu/Research/Publications/[1] TwoPhase-FSI/06_Simulation_Data/bubble_cases/bubble/Unity VC-Public-IBM-Implicit-DiracDensity/D2Diver_Dtrans.m	local_algorithm_code/bubble_case_code/Unity VC-Public-IBM-Implicit-DiracDensity/D2Diver_Dtrans.m	589	30435ac3bb03a6f1ea1c5254b6a3008bd0a8e69f3b9ae3b567905f24413b2fbf
bubble_case_code_dirac_density	/Volumes/Elements/windows-docu/Research/Publications/[1] TwoPhase-FSI/06_Simulation_Data/bubble_cases/bubble/Unity VC-Public-IBM-Implicit-DiracDensity/D2Electronic_PhiE.m	local_algorithm_code/bubble_case_code/Unity VC-Public-IBM-Implicit-DiracDensity/D2Electronic_PhiE.m	1974	aa1c02ac421f299d084b4d482c43d9ef3dd9a4d810a245c1444c7b4b83247dad
bubble_case_code_dirac_density	/Volumes/Elements/windows-docu/Research/Publications/[1] TwoPhase-FSI/06_Simulation_Data/bubble_cases/bubble/Unity VC-Public-IBM-Implicit-DiracDensity/D2Eq_Electronic.m	local_algorithm_code/bubble_case_code/Unity VC-Public-IBM-Implicit-DiracDensity/D2Eq_Electronic.m	1156	6b6891fa3455778406227af5be39e0d39dfd72f934e8071d53b1b8550814580b
bubble_case_code_dirac_density	/Volumes/Elements/windows-docu/Research/Publications/[1] TwoPhase-FSI/06_Simulation_Data/bubble_cases/bubble/Unity VC-Public-IBM-Implicit-DiracDensity/D2Eq_Magnetic.m	local_algorithm_code/bubble_case_code/Unity VC-Public-IBM-Implicit-DiracDensity/D2Eq_Magnetic.m	1038	e293168697fa0b517f7ebf3b1fe72e89f88ce31d665c7e9cdccd308ae269155d
bubble_case_code_dirac_density	/Volumes/Elements/windows-docu/Research/Publications/[1] TwoPhase-FSI/06_Simulation_Data/bubble_cases/bubble/Unity VC-Public-IBM-Implicit-DiracDensity/D2Eq_Mome.m	local_algorithm_code/bubble_case_code/Unity VC-Public-IBM-Implicit-DiracDensity/D2Eq_Mome.m	2638	b976da60ff131d3a8854ec1121184ca3640517778f54f48f1a403186dc90e3da
bubble_case_code_dirac_density	/Volumes/Elements/windows-docu/Research/Publications/[1] TwoPhase-FSI/06_Simulation_Data/bubble_cases/bubble/Unity VC-Public-IBM-Implicit-DiracDensity/D2Eq_Mome_S1.m	local_algorithm_code/bubble_case_code/Unity VC-Public-IBM-Implicit-DiracDensity/D2Eq_Mome_S1.m	1684	c9903fa917f5076b0261e899e275b4ed4fd2f52c9833434a45c4b6de266670b0
bubble_case_code_dirac_density	/Volumes/Elements/windows-docu/Research/Publications/[1] TwoPhase-FSI/06_Simulation_Data/bubble_cases/bubble/Unity VC-Public-IBM-Implicit-DiracDensity/D2Eq_Mome_S2_Original.m	local_algorithm_code/bubble_case_code/Unity VC-Public-IBM-Implicit-DiracDensity/D2Eq_Mome_S2_Original.m	759	da97883e5104d02cc73472e1bc24e8d40fdcbf792e899be6ef84b9e0017b47ff
bubble_case_code_dirac_density	/Volumes/Elements/windows-docu/Research/Publications/[1] TwoPhase-FSI/06_Simulation_Data/bubble_cases/bubble/Unity VC-Public-IBM-Implicit-DiracDensity/D2Eq_Mome_S2_RBC.m	local_algorithm_code/bubble_case_code/Unity VC-Public-IBM-Implicit-DiracDensity/D2Eq_Mome_S2_RBC.m	15167	3c069f7b11059522998c0ba76e274c21d3252d0dba6aa7f99bbdea5c701e4c50
bubble_case_code_dirac_density	/Volumes/Elements/windows-docu/Research/Publications/[1] TwoPhase-FSI/06_Simulation_Data/bubble_cases/bubble/Unity VC-Public-IBM-Implicit-DiracDensity/D2Eq_PhaseHAN.m	local_algorithm_code/bubble_case_code/Unity VC-Public-IBM-Implicit-DiracDensity/D2Eq_PhaseHAN.m	906	e57fcf6f5e559ff6deb425c02f7a72544ef8ac1b0f5dc8f2789ae69fd9464c89
bubble_case_code_dirac_density	/Volumes/Elements/windows-docu/Research/Publications/[1] TwoPhase-FSI/06_Simulation_Data/bubble_cases/bubble/Unity VC-Public-IBM-Implicit-DiracDensity/D2Eq_PhaseHzy.m	local_algorithm_code/bubble_case_code/Unity VC-Public-IBM-Implicit-DiracDensity/D2Eq_PhaseHzy.m	1326	9671346ef4c84bb5ac40a24bb74d1f6897c524777daf3c6a2d744a529e9d07d5
bubble_case_code_dirac_density	/Volumes/Elements/windows-docu/Research/Publications/[1] TwoPhase-FSI/06_Simulation_Data/bubble_cases/bubble/Unity VC-Public-IBM-Implicit-DiracDensity/D2Eq_PhaseLiu.m	local_algorithm_code/bubble_case_code/Unity VC-Public-IBM-Implicit-DiracDensity/D2Eq_PhaseLiu.m	929	2e4c18969f5f7180355f60778fabc230c2f6038638d40731f097ce7f9280c3c1
bubble_case_code_dirac_density	/Volumes/Elements/windows-docu/Research/Publications/[1] TwoPhase-FSI/06_Simulation_Data/bubble_cases/bubble/Unity VC-Public-IBM-Implicit-DiracDensity/D2Eq_PhaseLiuTVD3.m	local_algorithm_code/bubble_case_code/Unity VC-Public-IBM-Implicit-DiracDensity/D2Eq_PhaseLiuTVD3.m	1047	b94653cd5c4a4f06af2e844047381178e74dfa31d06114b2b77838e6b868a403
bubble_case_code_dirac_density	/Volumes/Elements/windows-docu/Research/Publications/[1] TwoPhase-FSI/06_Simulation_Data/bubble_cases/bubble/Unity VC-Public-IBM-Implicit-DiracDensity/D2Eq_PhaseSurfactant.m	local_algorithm_code/bubble_case_code/Unity VC-Public-IBM-Implicit-DiracDensity/D2Eq_PhaseSurfactant.m	1052	f6a67e161df01affb02120b151cd7e84e6473a585ff8799bd83b4ff8d25b6522
bubble_case_code_dirac_density	/Volumes/Elements/windows-docu/Research/Publications/[1] TwoPhase-FSI/06_Simulation_Data/bubble_cases/bubble/Unity VC-Public-IBM-Implicit-DiracDensity/D2Eq_PhaseZong.m	local_algorithm_code/bubble_case_code/Unity VC-Public-IBM-Implicit-DiracDensity/D2Eq_PhaseZong.m	1179	2f62121e434c2026db0d1f40e163f4aa60698f530473f24ea361676722580162
bubble_case_code_dirac_density	/Volumes/Elements/windows-docu/Research/Publications/[1] TwoPhase-FSI/06_Simulation_Data/bubble_cases/bubble/Unity VC-Public-IBM-Implicit-DiracDensity/D2Eq_Surfactant.m	local_algorithm_code/bubble_case_code/Unity VC-Public-IBM-Implicit-DiracDensity/D2Eq_Surfactant.m	336	0997684ccb18f3d2acd01f877e53b49f37ddddddc5fc5845a320b87dac351491
bubble_case_code_dirac_density	/Volumes/Elements/windows-docu/Research/Publications/[1] TwoPhase-FSI/06_Simulation_Data/bubble_cases/bubble/Unity VC-Public-IBM-Implicit-DiracDensity/D2Eq_Thermal.m	local_algorithm_code/bubble_case_code/Unity VC-Public-IBM-Implicit-DiracDensity/D2Eq_Thermal.m	249	3fc0375e20f0dc43afd8191b2655d756686ce3ce455f2996e85056b7c7c2f4e1
bubble_case_code_dirac_density	/Volumes/Elements/windows-docu/Research/Publications/[1] TwoPhase-FSI/06_Simulation_Data/bubble_cases/bubble/Unity VC-Public-IBM-Implicit-DiracDensity/D2FaceMeanX.m	local_algorithm_code/bubble_case_code/Unity VC-Public-IBM-Implicit-DiracDensity/D2FaceMeanX.m	259	9399b5498c691838c42d82e25138c7cf9d907c947edcad3faebe167720dbc7f8
bubble_case_code_dirac_density	/Volumes/Elements/windows-docu/Research/Publications/[1] TwoPhase-FSI/06_Simulation_Data/bubble_cases/bubble/Unity VC-Public-IBM-Implicit-DiracDensity/D2FaceMeanY.m	local_algorithm_code/bubble_case_code/Unity VC-Public-IBM-Implicit-DiracDensity/D2FaceMeanY.m	249	7c5c083b06e90a02070bb74ab9e442b49b4b2afcf6349a4c53e77a2ee31e8030
bubble_case_code_dirac_density	/Volumes/Elements/windows-docu/Research/Publications/[1] TwoPhase-FSI/06_Simulation_Data/bubble_cases/bubble/Unity VC-Public-IBM-Implicit-DiracDensity/D2Gradx_Matrix.m	local_algorithm_code/bubble_case_code/Unity VC-Public-IBM-Implicit-DiracDensity/D2Gradx_Matrix.m	524	e1b039471365e4ba90d859961a17b4a800d7a21ea0c6ad4cd6e12bb19b911620
bubble_case_code_dirac_density	/Volumes/Elements/windows-docu/Research/Publications/[1] TwoPhase-FSI/06_Simulation_Data/bubble_cases/bubble/Unity VC-Public-IBM-Implicit-DiracDensity/D2Gradx_face.m	local_algorithm_code/bubble_case_code/Unity VC-Public-IBM-Implicit-DiracDensity/D2Gradx_face.m	274	8da2bb087dbcea959fd1f74522bff319ce45e9de9e0fc469dac85e694746532f
bubble_case_code_dirac_density	/Volumes/Elements/windows-docu/Research/Publications/[1] TwoPhase-FSI/06_Simulation_Data/bubble_cases/bubble/Unity VC-Public-IBM-Implicit-DiracDensity/D2Gradx_face2.m	local_algorithm_code/bubble_case_code/Unity VC-Public-IBM-Implicit-DiracDensity/D2Gradx_face2.m	241	e9602d7c385a212318a42829431be0638e2b9834a7bbabbf7b9850bf01d0e50f
bubble_case_code_dirac_density	/Volumes/Elements/windows-docu/Research/Publications/[1] TwoPhase-FSI/06_Simulation_Data/bubble_cases/bubble/Unity VC-Public-IBM-Implicit-DiracDensity/D2Grady_Matrix.m	local_algorithm_code/bubble_case_code/Unity VC-Public-IBM-Implicit-DiracDensity/D2Grady_Matrix.m	165	35d80e6ac586ab86e95b8f41a33e7beffea0ead3dfbf7b480bfed841fc7f5dd7
bubble_case_code_dirac_density	/Volumes/Elements/windows-docu/Research/Publications/[1] TwoPhase-FSI/06_Simulation_Data/bubble_cases/bubble/Unity VC-Public-IBM-Implicit-DiracDensity/D2Grady_face.m	local_algorithm_code/bubble_case_code/Unity VC-Public-IBM-Implicit-DiracDensity/D2Grady_face.m	311	ced8de28b80d1c28562a8a095390ee9df93920da52e262c38c86f35b58cdfda0
bubble_case_code_dirac_density	/Volumes/Elements/windows-docu/Research/Publications/[1] TwoPhase-FSI/06_Simulation_Data/bubble_cases/bubble/Unity VC-Public-IBM-Implicit-DiracDensity/D2Grady_face2.m	local_algorithm_code/bubble_case_code/Unity VC-Public-IBM-Implicit-DiracDensity/D2Grady_face2.m	276	48f0ac8252c61d7dfda574fe9a5323ed8e2e37b4fead728df3e6186b58ec71fc
bubble_case_code_dirac_density	/Volumes/Elements/windows-docu/Research/Publications/[1] TwoPhase-FSI/06_Simulation_Data/bubble_cases/bubble/Unity VC-Public-IBM-Implicit-DiracDensity/D2HandleFunc.m	local_algorithm_code/bubble_case_code/Unity VC-Public-IBM-Implicit-DiracDensity/D2HandleFunc.m	258	941aefca020c4614161c6ecd964a64332b2b242cb263b1a7949018c6bfcaa031
bubble_case_code_dirac_density	/Volumes/Elements/windows-docu/Research/Publications/[1] TwoPhase-FSI/06_Simulation_Data/bubble_cases/bubble/Unity VC-Public-IBM-Implicit-DiracDensity/D2IBM_initial.m	local_algorithm_code/bubble_case_code/Unity VC-Public-IBM-Implicit-DiracDensity/D2IBM_initial.m	3817	ce62ecf49600d62c37d38ca45c252f27c03afc5cb6b2f06c9cac7e595643c998
bubble_case_code_dirac_density	/Volumes/Elements/windows-docu/Research/Publications/[1] TwoPhase-FSI/06_Simulation_Data/bubble_cases/bubble/Unity VC-Public-IBM-Implicit-DiracDensity/D2IBM_initial_implicit.m	local_algorithm_code/bubble_case_code/Unity VC-Public-IBM-Implicit-DiracDensity/D2IBM_initial_implicit.m	4110	c758514f102395c25ce4c56f59b7273efee0947eda8bd6d101d026ab7e216d0c
bubble_case_code_dirac_density	/Volumes/Elements/windows-docu/Research/Publications/[1] TwoPhase-FSI/06_Simulation_Data/bubble_cases/bubble/Unity VC-Public-IBM-Implicit-DiracDensity/D2IniMatrix.m	local_algorithm_code/bubble_case_code/Unity VC-Public-IBM-Implicit-DiracDensity/D2IniMatrix.m	1315	93b4b09019e9395c7e3e67189710718be93dad18cb34c2500077873343cf8854
bubble_case_code_dirac_density	/Volumes/Elements/windows-docu/Research/Publications/[1] TwoPhase-FSI/06_Simulation_Data/bubble_cases/bubble/Unity VC-Public-IBM-Implicit-DiracDensity/D2InitialUVRsv.m	local_algorithm_code/bubble_case_code/Unity VC-Public-IBM-Implicit-DiracDensity/D2InitialUVRsv.m	338	5e9dd927b1391be3d6f7f1447ae2a56b58cb6ea264eee7ab425d796d561c7c4e
bubble_case_code_dirac_density	/Volumes/Elements/windows-docu/Research/Publications/[1] TwoPhase-FSI/06_Simulation_Data/bubble_cases/bubble/Unity VC-Public-IBM-Implicit-DiracDensity/D2InitialUVdb.m	local_algorithm_code/bubble_case_code/Unity VC-Public-IBM-Implicit-DiracDensity/D2InitialUVdb.m	438	3e0813cc201ca2bded807921ce197cd96f7e408acecc4aa61990dcb58cf5396d
bubble_case_code_dirac_density	/Volumes/Elements/windows-docu/Research/Publications/[1] TwoPhase-FSI/06_Simulation_Data/bubble_cases/bubble/Unity VC-Public-IBM-Implicit-DiracDensity/D2InitialUVza.m	local_algorithm_code/bubble_case_code/Unity VC-Public-IBM-Implicit-DiracDensity/D2InitialUVza.m	243	6c9e2486e5b42ecfc7aa4831b644ede0700aba5eb1f1e41992bd6434cd54d9ac
bubble_case_code_dirac_density	/Volumes/Elements/windows-docu/Research/Publications/[1] TwoPhase-FSI/06_Simulation_Data/bubble_cases/bubble/Unity VC-Public-IBM-Implicit-DiracDensity/D2Initial_T.m	local_algorithm_code/bubble_case_code/Unity VC-Public-IBM-Implicit-DiracDensity/D2Initial_T.m	193	10485a858a1fb6bfbc3d04ba31e380c1a2116a34ea6bc85effd21101912fc6a1
bubble_case_code_dirac_density	/Volumes/Elements/windows-docu/Research/Publications/[1] TwoPhase-FSI/06_Simulation_Data/bubble_cases/bubble/Unity VC-Public-IBM-Implicit-DiracDensity/D2Initial_phi.m	local_algorithm_code/bubble_case_code/Unity VC-Public-IBM-Implicit-DiracDensity/D2Initial_phi.m	8398	ff3a9c1001670a014fa92c2d0b38e7f23f6a405a33eb872ea03d35a1d45ba3d8
bubble_case_code_dirac_density	/Volumes/Elements/windows-docu/Research/Publications/[1] TwoPhase-FSI/06_Simulation_Data/bubble_cases/bubble/Unity VC-Public-IBM-Implicit-DiracDensity/D2La_Oper.m	local_algorithm_code/bubble_case_code/Unity VC-Public-IBM-Implicit-DiracDensity/D2La_Oper.m	257	a516eda97efedc271a05498f6db60a4c29af84514fdd21aa08680a747aff25aa
bubble_case_code_dirac_density	/Volumes/Elements/windows-docu/Research/Publications/[1] TwoPhase-FSI/06_Simulation_Data/bubble_cases/bubble/Unity VC-Public-IBM-Implicit-DiracDensity/D2LocEleBc.m	local_algorithm_code/bubble_case_code/Unity VC-Public-IBM-Implicit-DiracDensity/D2LocEleBc.m	726	3f7e22394afef30c3b07c6eb5fe5e08fdeb8491970957c09e614cbbfade09940
bubble_case_code_dirac_density	/Volumes/Elements/windows-docu/Research/Publications/[1] TwoPhase-FSI/06_Simulation_Data/bubble_cases/bubble/Unity VC-Public-IBM-Implicit-DiracDensity/D2Magnetic_PhiM.m	local_algorithm_code/bubble_case_code/Unity VC-Public-IBM-Implicit-DiracDensity/D2Magnetic_PhiM.m	1987	7dddd4b3deda7f7ef368a5f82bd1ce923fa3c8338935653dbef3e124ec009fe2
bubble_case_code_dirac_density	/Volumes/Elements/windows-docu/Research/Publications/[1] TwoPhase-FSI/06_Simulation_Data/bubble_cases/bubble/Unity VC-Public-IBM-Implicit-DiracDensity/D2Matrix_Au.m	local_algorithm_code/bubble_case_code/Unity VC-Public-IBM-Implicit-DiracDensity/D2Matrix_Au.m	2645	4d4fe7c5c6cac926b50e6baf22c9c3c0aed47a187f455df1601567bb83719c50
bubble_case_code_dirac_density	/Volumes/Elements/windows-docu/Research/Publications/[1] TwoPhase-FSI/06_Simulation_Data/bubble_cases/bubble/Unity VC-Public-IBM-Implicit-DiracDensity/D2Matrix_Av.m	local_algorithm_code/bubble_case_code/Unity VC-Public-IBM-Implicit-DiracDensity/D2Matrix_Av.m	2276	b7d4539fb5dd89001af300455d13554eb917ea24e64add241729de69ea444441
bubble_case_code_dirac_density	/Volumes/Elements/windows-docu/Research/Publications/[1] TwoPhase-FSI/06_Simulation_Data/bubble_cases/bubble/Unity VC-Public-IBM-Implicit-DiracDensity/D2Matrix_FaceMeanC.m	local_algorithm_code/bubble_case_code/Unity VC-Public-IBM-Implicit-DiracDensity/D2Matrix_FaceMeanC.m	671	0e00c81bd04969cc2a6f9ad2efdf544790384eafa1873b67b2d3ab16e40f37a0
bubble_case_code_dirac_density	/Volumes/Elements/windows-docu/Research/Publications/[1] TwoPhase-FSI/06_Simulation_Data/bubble_cases/bubble/Unity VC-Public-IBM-Implicit-DiracDensity/D2Matrix_FaceMeanF.m	local_algorithm_code/bubble_case_code/Unity VC-Public-IBM-Implicit-DiracDensity/D2Matrix_FaceMeanF.m	426	3d93bae564e480b482eafd82bfcb9ed36122ec67bf1e851d20d6232b5b9ce913
bubble_case_code_dirac_density	/Volumes/Elements/windows-docu/Research/Publications/[1] TwoPhase-FSI/06_Simulation_Data/bubble_cases/bubble/Unity VC-Public-IBM-Implicit-DiracDensity/D2Matrix_FluxX.m	local_algorithm_code/bubble_case_code/Unity VC-Public-IBM-Implicit-DiracDensity/D2Matrix_FluxX.m	569	499004e55227fc5b9ef4ba81394c87d60d48859b2f56db888ee470e7dea23589
bubble_case_code_dirac_density	/Volumes/Elements/windows-docu/Research/Publications/[1] TwoPhase-FSI/06_Simulation_Data/bubble_cases/bubble/Unity VC-Public-IBM-Implicit-DiracDensity/D2Matrix_FluxY.m	local_algorithm_code/bubble_case_code/Unity VC-Public-IBM-Implicit-DiracDensity/D2Matrix_FluxY.m	553	54ff4155059ec71603d83f506bb4ed99821debcfdcc910097e4e368be3cfa58e
bubble_case_code_dirac_density	/Volumes/Elements/windows-docu/Research/Publications/[1] TwoPhase-FSI/06_Simulation_Data/bubble_cases/bubble/Unity VC-Public-IBM-Implicit-DiracDensity/D2Matrix_Laplace.m	local_algorithm_code/bubble_case_code/Unity VC-Public-IBM-Implicit-DiracDensity/D2Matrix_Laplace.m	1972	ffb98cae7e57bd0f47324503d8285791d21621194d776a79613ef09edfe4cef7
bubble_case_code_dirac_density	/Volumes/Elements/windows-docu/Research/Publications/[1] TwoPhase-FSI/06_Simulation_Data/bubble_cases/bubble/Unity VC-Public-IBM-Implicit-DiracDensity/D2Matrix_NodeMean.m	local_algorithm_code/bubble_case_code/Unity VC-Public-IBM-Implicit-DiracDensity/D2Matrix_NodeMean.m	568	ee3821f92ceccf037dc8a28f63a0e8a0475301309f6517e1f42095dd76b75827
bubble_case_code_dirac_density	/Volumes/Elements/windows-docu/Research/Publications/[1] TwoPhase-FSI/06_Simulation_Data/bubble_cases/bubble/Unity VC-Public-IBM-Implicit-DiracDensity/D2Matrix_weno5.m	local_algorithm_code/bubble_case_code/Unity VC-Public-IBM-Implicit-DiracDensity/D2Matrix_weno5.m	987	b50c74ea9d6a8e8f8ea002a7ab3fbbf1f6af0512e10c3672487683454e566255
bubble_case_code_dirac_density	/Volumes/Elements/windows-docu/Research/Publications/[1] TwoPhase-FSI/06_Simulation_Data/bubble_cases/bubble/Unity VC-Public-IBM-Implicit-DiracDensity/D2Mesh.m	local_algorithm_code/bubble_case_code/Unity VC-Public-IBM-Implicit-DiracDensity/D2Mesh.m	579	bec481f1a5dfe4d953bc246d19a55382bf23802edc6f473d0daa174f01611b5f
bubble_case_code_dirac_density	/Volumes/Elements/windows-docu/Research/Publications/[1] TwoPhase-FSI/06_Simulation_Data/bubble_cases/bubble/Unity VC-Public-IBM-Implicit-DiracDensity/D2Phase_const.m	local_algorithm_code/bubble_case_code/Unity VC-Public-IBM-Implicit-DiracDensity/D2Phase_const.m	370	98f2df01deae06fc420301b365d8f63d143f8d7d37e78f682679ef06e4a1dd67
bubble_case_code_dirac_density	/Volumes/Elements/windows-docu/Research/Publications/[1] TwoPhase-FSI/06_Simulation_Data/bubble_cases/bubble/Unity VC-Public-IBM-Implicit-DiracDensity/D2PostIni.m	local_algorithm_code/bubble_case_code/Unity VC-Public-IBM-Implicit-DiracDensity/D2PostIni.m	1083	01917a2403f47cc293d5ac5a51a11681d00308c65b5410258d9dc9e94bc049f0
bubble_case_code_dirac_density	/Volumes/Elements/windows-docu/Research/Publications/[1] TwoPhase-FSI/06_Simulation_Data/bubble_cases/bubble/Unity VC-Public-IBM-Implicit-DiracDensity/D2Post_LDC100.m	local_algorithm_code/bubble_case_code/Unity VC-Public-IBM-Implicit-DiracDensity/D2Post_LDC100.m	1472	6598f824259a36f67acc520312b4650eb819d2fad92d66a8e30ae71b2e4d6eb9
bubble_case_code_dirac_density	/Volumes/Elements/windows-docu/Research/Publications/[1] TwoPhase-FSI/06_Simulation_Data/bubble_cases/bubble/Unity VC-Public-IBM-Implicit-DiracDensity/D2Post_Laplace.m	local_algorithm_code/bubble_case_code/Unity VC-Public-IBM-Implicit-DiracDensity/D2Post_Laplace.m	865	5f2d9dac1069eb3e27cb39957c9d67f50dcb7cd9050fa3b069a9c47ac5f043a8
bubble_case_code_dirac_density	/Volumes/Elements/windows-docu/Research/Publications/[1] TwoPhase-FSI/06_Simulation_Data/bubble_cases/bubble/Unity VC-Public-IBM-Implicit-DiracDensity/D2Post_RS10.m	local_algorithm_code/bubble_case_code/Unity VC-Public-IBM-Implicit-DiracDensity/D2Post_RS10.m	5445	8068099aaa27fb7accf91de4568b22a483a9d662edabc3475bc5159b283d1145
bubble_case_code_dirac_density	/Volumes/Elements/windows-docu/Research/Publications/[1] TwoPhase-FSI/06_Simulation_Data/bubble_cases/bubble/Unity VC-Public-IBM-Implicit-DiracDensity/D2Post_RS1000.m	local_algorithm_code/bubble_case_code/Unity VC-Public-IBM-Implicit-DiracDensity/D2Post_RS1000.m	4278	e4f3eb7c7559921b904adce3afebfcf7c65d9673b0a381347247c122c4462034
bubble_case_code_dirac_density	/Volumes/Elements/windows-docu/Research/Publications/[1] TwoPhase-FSI/06_Simulation_Data/bubble_cases/bubble/Unity VC-Public-IBM-Implicit-DiracDensity/D2Property.m	local_algorithm_code/bubble_case_code/Unity VC-Public-IBM-Implicit-DiracDensity/D2Property.m	3738	34d05a81f796a8fc6682c1bc5ff87d1cc2f79229d7f8e532936ca5a65e983218
bubble_case_code_dirac_density	/Volumes/Elements/windows-docu/Research/Publications/[1] TwoPhase-FSI/06_Simulation_Data/bubble_cases/bubble/Unity VC-Public-IBM-Implicit-DiracDensity/D2RC_Interpolation.m	local_algorithm_code/bubble_case_code/Unity VC-Public-IBM-Implicit-DiracDensity/D2RC_Interpolation.m	14683	88f408b2acbe740cbf816cb07aff7b2e2a0b825833ca9b6ca1f9f3e2b6e74614
bubble_case_code_dirac_density	/Volumes/Elements/windows-docu/Research/Publications/[1] TwoPhase-FSI/06_Simulation_Data/bubble_cases/bubble/Unity VC-Public-IBM-Implicit-DiracDensity/D2RhieC_mCap.m	local_algorithm_code/bubble_case_code/Unity VC-Public-IBM-Implicit-DiracDensity/D2RhieC_mCap.m	1214	98763456770939b6071c675c18d071875c6654ff465235e0f0c13f5a21a3788e
bubble_case_code_dirac_density	/Volumes/Elements/windows-docu/Research/Publications/[1] TwoPhase-FSI/06_Simulation_Data/bubble_cases/bubble/Unity VC-Public-IBM-Implicit-DiracDensity/D2RhieChow.m	local_algorithm_code/bubble_case_code/Unity VC-Public-IBM-Implicit-DiracDensity/D2RhieChow.m	9835	5ee5a3a44dd5b1e461c7351a07efc2356e3f328692e6162ac465e45d5f0ba2d3
bubble_case_code_dirac_density	/Volumes/Elements/windows-docu/Research/Publications/[1] TwoPhase-FSI/06_Simulation_Data/bubble_cases/bubble/Unity VC-Public-IBM-Implicit-DiracDensity/D2RhieChow2.m	local_algorithm_code/bubble_case_code/Unity VC-Public-IBM-Implicit-DiracDensity/D2RhieChow2.m	3897	c30654dd44d86828bc77de3c21a68a7c42d2c696d114da0e5c9a4e9c0b4562d2
bubble_case_code_dirac_density	/Volumes/Elements/windows-docu/Research/Publications/[1] TwoPhase-FSI/06_Simulation_Data/bubble_cases/bubble/Unity VC-Public-IBM-Implicit-DiracDensity/D2RhieChow3.m	local_algorithm_code/bubble_case_code/Unity VC-Public-IBM-Implicit-DiracDensity/D2RhieChow3.m	2246	6ed60a0abc98fa23ee05fafe6118109357e5017d48f417572c85a48c0c0b6328
bubble_case_code_dirac_density	/Volumes/Elements/windows-docu/Research/Publications/[1] TwoPhase-FSI/06_Simulation_Data/bubble_cases/bubble/Unity VC-Public-IBM-Implicit-DiracDensity/D2RhieChowDebug.m	local_algorithm_code/bubble_case_code/Unity VC-Public-IBM-Implicit-DiracDensity/D2RhieChowDebug.m	797	7d9adb3e3c494007fc355f83c5ee231af4a01d2ab1765fb3008a351045831f85
bubble_case_code_dirac_density	/Volumes/Elements/windows-docu/Research/Publications/[1] TwoPhase-FSI/06_Simulation_Data/bubble_cases/bubble/Unity VC-Public-IBM-Implicit-DiracDensity/D2SpecialSet.m	local_algorithm_code/bubble_case_code/Unity VC-Public-IBM-Implicit-DiracDensity/D2SpecialSet.m	1798	51a90c900058a5fbdc07e16f4a9d3004388a2e883ae79af0436f5fdbfa24fa09
bubble_case_code_dirac_density	/Volumes/Elements/windows-docu/Research/Publications/[1] TwoPhase-FSI/06_Simulation_Data/bubble_cases/bubble/Unity VC-Public-IBM-Implicit-DiracDensity/D2TernConst.m	local_algorithm_code/bubble_case_code/Unity VC-Public-IBM-Implicit-DiracDensity/D2TernConst.m	553	d54307453102306f9c6de44087beddb0a054d2680d022a6191a50803590e93f0
bubble_case_code_dirac_density	/Volumes/Elements/windows-docu/Research/Publications/[1] TwoPhase-FSI/06_Simulation_Data/bubble_cases/bubble/Unity VC-Public-IBM-Implicit-DiracDensity/D2TernEq_PhaseJoe.m	local_algorithm_code/bubble_case_code/Unity VC-Public-IBM-Implicit-DiracDensity/D2TernEq_PhaseJoe.m	1057	d2f5a72db53c7ed5405abb908439b376f1713658e11c0b11c021e2fbdad8aae0
bubble_case_code_dirac_density	/Volumes/Elements/windows-docu/Research/Publications/[1] TwoPhase-FSI/06_Simulation_Data/bubble_cases/bubble/Unity VC-Public-IBM-Implicit-DiracDensity/D2TernIni_phi.m	local_algorithm_code/bubble_case_code/Unity VC-Public-IBM-Implicit-DiracDensity/D2TernIni_phi.m	2345	0c171e1722f9f45cf0cabf5f3a0c792bd7bff5fae5a1e5e83114e85781e7502f
bubble_case_code_dirac_density	/Volumes/Elements/windows-docu/Research/Publications/[1] TwoPhase-FSI/06_Simulation_Data/bubble_cases/bubble/Unity VC-Public-IBM-Implicit-DiracDensity/D2TernPostIni.m	local_algorithm_code/bubble_case_code/Unity VC-Public-IBM-Implicit-DiracDensity/D2TernPostIni.m	1380	f6b2fcde00152a2186d03574dce9bcaffb8022aa8ce02adc05920c824fa69ffe
bubble_case_code_dirac_density	/Volumes/Elements/windows-docu/Research/Publications/[1] TwoPhase-FSI/06_Simulation_Data/bubble_cases/bubble/Unity VC-Public-IBM-Implicit-DiracDensity/D2TernProperty.m	local_algorithm_code/bubble_case_code/Unity VC-Public-IBM-Implicit-DiracDensity/D2TernProperty.m	1161	f7f04dfae7139bd67ad71e69a747f1a1fdadcc6166bb9234a8c2bbb0d8426790
bubble_case_code_dirac_density	/Volumes/Elements/windows-docu/Research/Publications/[1] TwoPhase-FSI/06_Simulation_Data/bubble_cases/bubble/Unity VC-Public-IBM-Implicit-DiracDensity/D2TernPsi.m	local_algorithm_code/bubble_case_code/Unity VC-Public-IBM-Implicit-DiracDensity/D2TernPsi.m	322	93d9132669be7c06b73dd3268b75aa728bac785f6987fd1c73aa3d81754ee3a3
bubble_case_code_dirac_density	/Volumes/Elements/windows-docu/Research/Publications/[1] TwoPhase-FSI/06_Simulation_Data/bubble_cases/bubble/Unity VC-Public-IBM-Implicit-DiracDensity/D2TernSpecialSet.m	local_algorithm_code/bubble_case_code/Unity VC-Public-IBM-Implicit-DiracDensity/D2TernSpecialSet.m	1565	9f0ba64e613fe444441ca54142eff375a67505f42b55d028a94a22e63f66043d
bubble_case_code_dirac_density	/Volumes/Elements/windows-docu/Research/Publications/[1] TwoPhase-FSI/06_Simulation_Data/bubble_cases/bubble/Unity VC-Public-IBM-Implicit-DiracDensity/D2TernUpdata.m	local_algorithm_code/bubble_case_code/Unity VC-Public-IBM-Implicit-DiracDensity/D2TernUpdata.m	988	a98cb3685d76ac7d39bc624fbffed86a3b915a69512ba6d498dabc2a46d92783
bubble_case_code_dirac_density	/Volumes/Elements/windows-docu/Research/Publications/[1] TwoPhase-FSI/06_Simulation_Data/bubble_cases/bubble/Unity VC-Public-IBM-Implicit-DiracDensity/D2Theimal.m	local_algorithm_code/bubble_case_code/Unity VC-Public-IBM-Implicit-DiracDensity/D2Theimal.m	884	50fe4be2c94a91e12413c9c39364b01faf9ad28c0dcda20c694906fb44fb2857
bubble_case_code_dirac_density	/Volumes/Elements/windows-docu/Research/Publications/[1] TwoPhase-FSI/06_Simulation_Data/bubble_cases/bubble/Unity VC-Public-IBM-Implicit-DiracDensity/D2Uf_inte.m	local_algorithm_code/bubble_case_code/Unity VC-Public-IBM-Implicit-DiracDensity/D2Uf_inte.m	535	964c7228654efd49c2072f26c1579c4772722de8f258c9861e34f5ccdccb35c4
bubble_case_code_dirac_density	/Volumes/Elements/windows-docu/Research/Publications/[1] TwoPhase-FSI/06_Simulation_Data/bubble_cases/bubble/Unity VC-Public-IBM-Implicit-DiracDensity/D2Updata_RhoMiu.m	local_algorithm_code/bubble_case_code/Unity VC-Public-IBM-Implicit-DiracDensity/D2Updata_RhoMiu.m	1103	f1fbfdc6cfe313c541a017609dc599f520d89a1515dbe2c891cb01d48683aa23
bubble_case_code_dirac_density	/Volumes/Elements/windows-docu/Research/Publications/[1] TwoPhase-FSI/06_Simulation_Data/bubble_cases/bubble/Unity VC-Public-IBM-Implicit-DiracDensity/D2VolLeaf.m	local_algorithm_code/bubble_case_code/Unity VC-Public-IBM-Implicit-DiracDensity/D2VolLeaf.m	154	27080ab51e8118423177011c6e5cdacb8abdded1f98a22e81daaed07edf603b0
bubble_case_code_dirac_density	/Volumes/Elements/windows-docu/Research/Publications/[1] TwoPhase-FSI/06_Simulation_Data/bubble_cases/bubble/Unity VC-Public-IBM-Implicit-DiracDensity/D2export.m	local_algorithm_code/bubble_case_code/Unity VC-Public-IBM-Implicit-DiracDensity/D2export.m	615	39520e6356d8f13bc8e4da67bb51a669c34ccb0aa143dcb64642561c9fa3ae8d
bubble_case_code_dirac_density	/Volumes/Elements/windows-docu/Research/Publications/[1] TwoPhase-FSI/06_Simulation_Data/bubble_cases/bubble/Unity VC-Public-IBM-Implicit-DiracDensity/D2set_BC.m	local_algorithm_code/bubble_case_code/Unity VC-Public-IBM-Implicit-DiracDensity/D2set_BC.m	6891	b289b9b9da6e7b07371d5d282bba295d0490f6ddbe6dfb3ce7c38ca403980dc8
bubble_case_code_dirac_density	/Volumes/Elements/windows-docu/Research/Publications/[1] TwoPhase-FSI/06_Simulation_Data/bubble_cases/bubble/Unity VC-Public-IBM-Implicit-DiracDensity/D2set_BCNeu.m	local_algorithm_code/bubble_case_code/Unity VC-Public-IBM-Implicit-DiracDensity/D2set_BCNeu.m	413	b1ae751bb8822a22fb7679deb7937c3f568b24a9562ce5021724e678cb226152
bubble_case_code_dirac_density	/Volumes/Elements/windows-docu/Research/Publications/[1] TwoPhase-FSI/06_Simulation_Data/bubble_cases/bubble/Unity VC-Public-IBM-Implicit-DiracDensity/D2set_BCPhiE.m	local_algorithm_code/bubble_case_code/Unity VC-Public-IBM-Implicit-DiracDensity/D2set_BCPhiE.m	764	50974eacd6d0ed44f9633774db2bc26ef6d07e1bf3b33180ae91643b4b53a609
bubble_case_code_dirac_density	/Volumes/Elements/windows-docu/Research/Publications/[1] TwoPhase-FSI/06_Simulation_Data/bubble_cases/bubble/Unity VC-Public-IBM-Implicit-DiracDensity/D2set_BCPhiM.m	local_algorithm_code/bubble_case_code/Unity VC-Public-IBM-Implicit-DiracDensity/D2set_BCPhiM.m	674	c375ffde0cf32c445d37078f75e87c20c3e900638a40e5762c46e123611cb6f9
bubble_case_code_dirac_density	/Volumes/Elements/windows-docu/Research/Publications/[1] TwoPhase-FSI/06_Simulation_Data/bubble_cases/bubble/Unity VC-Public-IBM-Implicit-DiracDensity/D2set_BCT.m	local_algorithm_code/bubble_case_code/Unity VC-Public-IBM-Implicit-DiracDensity/D2set_BCT.m	894	310fccf565a51d4ff2ed5619bfd661334404460eead0cacbd7ff22d493893e83
bubble_case_code_dirac_density	/Volumes/Elements/windows-docu/Research/Publications/[1] TwoPhase-FSI/06_Simulation_Data/bubble_cases/bubble/Unity VC-Public-IBM-Implicit-DiracDensity/D2set_BCWet.m	local_algorithm_code/bubble_case_code/Unity VC-Public-IBM-Implicit-DiracDensity/D2set_BCWet.m	798	931cda8d552674d74bdd59a545c9c82a4504bd7e17cb5d2fd083d5b38cbc634d
bubble_case_code_dirac_density	/Volumes/Elements/windows-docu/Research/Publications/[1] TwoPhase-FSI/06_Simulation_Data/bubble_cases/bubble/Unity VC-Public-IBM-Implicit-DiracDensity/D2set_BCconstu.m	local_algorithm_code/bubble_case_code/Unity VC-Public-IBM-Implicit-DiracDensity/D2set_BCconstu.m	1270	4a302f9445814fd08efda0fb9721f00052e1f57bbd9d39cc2de74a6d28a9c1cb
bubble_case_code_dirac_density	/Volumes/Elements/windows-docu/Research/Publications/[1] TwoPhase-FSI/06_Simulation_Data/bubble_cases/bubble/Unity VC-Public-IBM-Implicit-DiracDensity/D2set_BCconstv.m	local_algorithm_code/bubble_case_code/Unity VC-Public-IBM-Implicit-DiracDensity/D2set_BCconstv.m	1238	14ea3fbfb18dc0796798bc565860ec777db414700b132ef9fdf93383160d8d50
bubble_case_code_dirac_density	/Volumes/Elements/windows-docu/Research/Publications/[1] TwoPhase-FSI/06_Simulation_Data/bubble_cases/bubble/Unity VC-Public-IBM-Implicit-DiracDensity/D2set_BCcycle.m	local_algorithm_code/bubble_case_code/Unity VC-Public-IBM-Implicit-DiracDensity/D2set_BCcycle.m	458	1495f3badd49ee740cbd8bf66cf4132643df9102eeee1b291d6d49c28323b37d
bubble_case_code_dirac_density	/Volumes/Elements/windows-docu/Research/Publications/[1] TwoPhase-FSI/06_Simulation_Data/bubble_cases/bubble/Unity VC-Public-IBM-Implicit-DiracDensity/D2weno_eleX.m	local_algorithm_code/bubble_case_code/Unity VC-Public-IBM-Implicit-DiracDensity/D2weno_eleX.m	281	a488f1877234d4db6184c873cf55635e2b215e059a9cb9937a3309c095beba80
bubble_case_code_dirac_density	/Volumes/Elements/windows-docu/Research/Publications/[1] TwoPhase-FSI/06_Simulation_Data/bubble_cases/bubble/Unity VC-Public-IBM-Implicit-DiracDensity/D2weno_eleY.m	local_algorithm_code/bubble_case_code/Unity VC-Public-IBM-Implicit-DiracDensity/D2weno_eleY.m	281	b1e2aca60947db5b84a47766aacedac72560b68629593442b3df9b6bbcb508bf
bubble_case_code_dirac_density	/Volumes/Elements/windows-docu/Research/Publications/[1] TwoPhase-FSI/06_Simulation_Data/bubble_cases/bubble/Unity VC-Public-IBM-Implicit-DiracDensity/Dirac.m	local_algorithm_code/bubble_case_code/Unity VC-Public-IBM-Implicit-DiracDensity/Dirac.m	346	d0803136383947fd493dc772dd97cdc0a78753f1ef2e135195acb5a9a2f61347
bubble_case_code_dirac_density	/Volumes/Elements/windows-docu/Research/Publications/[1] TwoPhase-FSI/06_Simulation_Data/bubble_cases/bubble/Unity VC-Public-IBM-Implicit-DiracDensity/DiracInterpolation.m	local_algorithm_code/bubble_case_code/Unity VC-Public-IBM-Implicit-DiracDensity/DiracInterpolation.m	695	4ad763f91c11229b17eb2c6633148f2318bc50165694df4c454161e3a5539384
bubble_case_code_dirac_density	/Volumes/Elements/windows-docu/Research/Publications/[1] TwoPhase-FSI/06_Simulation_Data/bubble_cases/bubble/Unity VC-Public-IBM-Implicit-DiracDensity/Euler_Force.m	local_algorithm_code/bubble_case_code/Unity VC-Public-IBM-Implicit-DiracDensity/Euler_Force.m	839	c0321306769e8555bd0ce43d91dfc9c37ede8fc1185d87cbe96f65a8310693c8
bubble_case_code_dirac_density	/Volumes/Elements/windows-docu/Research/Publications/[1] TwoPhase-FSI/06_Simulation_Data/bubble_cases/bubble/Unity VC-Public-IBM-Implicit-DiracDensity/IB_Force.m	local_algorithm_code/bubble_case_code/Unity VC-Public-IBM-Implicit-DiracDensity/IB_Force.m	553	c09c9fdc01082319e48f922aaac6601f70ec961122ec536953fd4b7cea2f2d9d
bubble_case_code_dirac_density	/Volumes/Elements/windows-docu/Research/Publications/[1] TwoPhase-FSI/06_Simulation_Data/bubble_cases/bubble/Unity VC-Public-IBM-Implicit-DiracDensity/IB_Velocity.m	local_algorithm_code/bubble_case_code/Unity VC-Public-IBM-Implicit-DiracDensity/IB_Velocity.m	744	b2bcbd42ff2312803718dfd6cc56091dc348e748b88c33840311a5413d7e698c
bubble_case_code_dirac_density	/Volumes/Elements/windows-docu/Research/Publications/[1] TwoPhase-FSI/06_Simulation_Data/bubble_cases/bubble/Unity VC-Public-IBM-Implicit-DiracDensity/PltCicle.m	local_algorithm_code/bubble_case_code/Unity VC-Public-IBM-Implicit-DiracDensity/PltCicle.m	534	520f972f7d55da5bfd2c69811a989e8cd000ca202fdb6ede56c840f19fd5d733
code_snapshot_unique_sources	/Volumes/Elements/windows-docu/Research/Publications/[1] TwoPhase-FSI/05_Code/code_snapshots/Unity VC-Public-IBM-Implicit-c/Unity VC-Public-IBM-Implicit-c/A_D2MainBinary.m	local_algorithm_code/code_snapshot_unique_sources/Unity VC-Public-IBM-Implicit-c/A_D2MainBinary.m	7717	468333d40c8492a822a82c67254aeada4939631895d05039f360e868d31e521e
code_snapshot_unique_sources	/Volumes/Elements/windows-docu/Research/Publications/[1] TwoPhase-FSI/05_Code/code_snapshots/Unity VC-Public-IBM-Implicit-c/Unity VC-Public-IBM-Implicit-c/D2Initial_phi.m	local_algorithm_code/code_snapshot_unique_sources/Unity VC-Public-IBM-Implicit-c/D2Initial_phi.m	8398	9edfad8ed70cbb400a77f8f8e029d7aff2b564b2d11fe0530775ac00589dc986
code_snapshot_unique_sources	/Volumes/Elements/windows-docu/Research/Publications/[1] TwoPhase-FSI/05_Code/code_snapshots/Unity VC-Public-IBM-Implicit-c/Unity VC-Public-IBM-Implicit-c/D2Property.m	local_algorithm_code/code_snapshot_unique_sources/Unity VC-Public-IBM-Implicit-c/D2Property.m	3744	12e6cc21424b3d31dff8ae0fb283554733648321e8bf8f63a3cf79168448162f
